distance_km,elevation_m,slope_pct,rainfall_mm,road_quality,traffic_level,disruption,travel_time_hr,risk
388.10824403520184,1254.7970187650253,10.73601178848492,41.61673649812985,3,1,0,14.067717767181595,Low
222.2448276772659,1220.9811153090784,14.260875069067243,30.293248320813174,3,2,0,9.942545762279279,Low
430.0059703561343,1826.232296148553,13.555318925169175,16.07316186417436,4,4,0,34.5994564891236,Medium
350.1971743843851,1568.9614423990377,16.065746906311567,23.3128872824897,3,4,0,29.22041669426703,Medium
51.61778720438652,77.9395276940959,14.503908570161425,13.29126325124843,1,3,0,1.7536885057107232,Medium
487.93306406019417,127.8209189783142,4.45080749543,39.85763970346765,3,5,0,14.123824504981652,Low
381.7641524852247,1331.3974263541143,10.0057932877637,6.5542252297191155,1,4,0,27.98899670391057,Medium
394.10183111209216,1079.8987248565606,5.35341526368444,82.86745457265121,5,4,0,13.702458782896429,Medium
68.41624817439521,587.2025486477213,5.936136831927044,71.77436257620413,4,3,1,2.3771775018565893,Medium
227.94103925830572,932.6702703462676,16.774998646139935,42.3373760487841,2,3,0,13.575893547558735,Medium
188.5450219951277,1672.244494837636,12.274126291207324,57.485289218144516,2,2,0,13.140877514171907,Medium
463.7486694800579,1822.0130365542873,17.542627438519904,54.858041639815774,1,3,1,38.49756913591858,High
323.71323443992895,1243.4662880002963,7.504425660937401,34.3051998166401,2,5,0,20.626289489943822,Medium
412.26699856906083,860.1054682684845,9.673876320371578,26.561059511177753,1,2,0,16.650044452167975,Medium
224.4900284195289,610.1189400593333,8.768077558495591,24.225533033358097,5,1,0,4.917249369569644,Low
117.48316728346455,1157.7822662769725,1.9311670354270845,84.91051043756426,1,3,0,5.115190502224762,Medium
279.5194695728382,706.1541684703506,4.26063590147886,15.565131145361315,4,4,0,8.128999764885762,Low
36.589541771566786,1249.727398762946,9.49745449088068,15.839596686710493,3,5,0,2.1408518761458524,Medium
414.6774301363281,1495.10219387101,1.2127374923941123,61.00669821225567,2,3,0,17.704125521793877,Low
317.6738775654221,164.05267980428076,16.766314727560008,57.103726054803275,5,4,1,13.319726835510282,High
380.25343134226006,22.32707374958898,2.2291862749806746,25.347724164617645,1,2,0,9.39969432846665,Low
180.49035422428483,482.7641626728196,3.563653435504328,45.63397372752415,5,3,0,4.020710285193965,Low
485.49552207547714,1970.0350650269427,13.775782030895458,49.96013991020763,4,3,1,40.38952970585634,Medium
447.09495505448785,1428.913863838259,1.7448217522076468,9.254649247459076,4,2,0,13.222050477842286,Low
390.2998310515121,394.8735672227098,16.20500579307737,74.90652155772877,5,4,0,14.007997111601204,Medium
101.34616038672395,1960.775436775489,13.062617473005641,49.94782744866536,3,5,0,8.537394476228746,Medium
236.02689684488192,1044.5039498264011,1.2351754279594602,42.905824679216146,2,2,0,7.823690901794945,Low
26.682864064678245,1057.8800295594801,12.453247103141752,50.22120703175558,1,1,0,1.3280274312507134,Medium
81.37329857343617,2059.4814375769884,11.36931375908372,39.25798568305747,5,5,0,7.007295773704019,Medium
343.109231855015,149.68098895968123,13.632289789318534,28.96620129543813,3,5,0,12.974179981567335,Medium
373.6572671743695,489.0886386906064,14.907561344808045,34.53449713202035,5,5,0,13.898806461174566,Low
483.91731755493396,1296.9814888372948,12.930310137116791,8.41674560088339,2,2,0,24.007407431673624,Medium
166.2835522783852,446.1605908887689,10.551173314877495,107.54873473316758,5,4,0,5.440440606736332,Medium
188.37755448726008,1501.368880075528,5.8043397344719985,28.58972205387211,5,4,0,7.394434947259168,Medium
237.43012658152492,486.72119075405004,12.550925912938723,106.34443223699274,2,4,0,11.52777877592605,Medium
98.78832274672142,236.16219590541527,17.22548852335403,34.97419387206005,3,5,1,6.6144670812526964,High
69.31114514105846,471.2276480170306,10.575392049519737,18.999524312525878,4,5,0,2.3690054082958976,Medium
240.4739384818372,941.5601947130957,11.95820763181657,73.4636319539351,2,3,0,12.007197064932598,Medium
117.32012778018763,403.98149219731414,7.868304759596413,41.66534698770621,1,1,0,3.554128998669497,Low
336.55792736784264,313.62861433289714,13.61017457537534,133.2071127299526,2,1,0,11.41484084680286,Medium
221.3901998418037,1895.414511957291,17.958013062095446,18.58897195040251,3,5,0,18.247934990216063,Medium
417.17570704862953,718.4659038421311,2.8870078332192497,75.54182737730893,1,5,0,19.170205557304634,Medium
351.6312254911133,806.4539366097929,3.6432950310677215,78.24346735687172,2,1,0,9.94378676283259,Low
159.62148748411033,140.48949271267622,9.70987965595901,52.901351813136785,5,2,0,3.7444711349558872,Low
416.96860169062455,799.065779234478,8.664757150709848,78.68066053781389,1,2,0,16.870922221209387,Medium
403.3583569609169,597.2796465610437,10.288256121120938,29.104866023776747,1,2,0,15.058728518570263,Medium
196.80179761993637,1350.857446805099,0.8833328590369147,15.495755875112021,3,4,1,9.829654906622094,Medium
147.72241144547084,467.7508489258466,7.276976213948081,20.467804089237116,1,3,0,5.143453243254177,Medium
342.83527446761286,1956.6366876769923,10.493608717180095,33.19294363247593,1,3,0,28.69092483714629,Medium
74.17747938660835,2046.67323360463,10.533444323489329,54.81170087519488,1,3,1,6.00666484552612,High
103.95456022517862,237.63170464540264,11.832011311830724,16.475389677112403,1,4,0,4.190204842621194,Medium
8.644323526747728,254.1384447090983,12.963888522047949,24.242798557696904,5,4,0,0.1977208900602485,Medium
394.5275668635585,271.4116350819538,11.547849660135418,17.65190219645144,1,1,0,11.662877871820102,Medium
334.1011740130559,1370.6609787564803,14.22437679700983,61.690526332663474,3,1,1,22.198897473616025,Medium
354.0568624200359,285.8923419769779,11.245691424322649,105.79281988324601,4,2,0,10.072248974374402,Low
391.4608703558741,1878.1934530879805,9.67513792566968,13.2154789798921,4,3,0,21.050049052103176,Low
232.16330889147827,1664.3119025646056,10.911535719980597,47.17554060717748,4,5,0,18.312560613751174,Medium
286.5268919966824,1807.1833109588924,1.8214806015599823,67.04377027446155,2,5,0,22.226309749714094,Medium
74.19951407319044,1166.8119486115256,4.91681773305936,27.13899662670561,5,4,0,2.1435832517602393,Low
61.69238640030685,2192.7563211117545,9.493196051846361,8.891449557006943,1,1,0,4.987710851108845,Medium
335.8594660862835,116.30172441827158,15.713769877230728,73.00257521389855,1,1,0,11.023071709710408,Medium
238.1926220408506,894.7576219257271,12.222928013183875,8.332203822196856,5,3,0,7.816533839917019,Low
284.79187270818846,726.1819382840469,1.6273454124941564,87.69737946396744,1,3,0,9.87313058702094,Medium
383.67443442093264,2088.0471871935574,10.66094910799928,17.33025880145445,1,4,0,31.97454298572901,Medium
319.1855684002924,1277.5568895247525,3.991283777467781,7.100164168841903,1,1,0,10.890307505302543,Low
279.02180332570794,1777.4963046695011,13.212298076197012,21.76186156521037,1,5,0,23.276293408529956,Medium
281.8075445689797,391.3438021755711,14.89393534515745,31.216355937211528,1,3,0,12.651021746622833,Medium
155.45529854099303,2153.422433702957,10.68221290661952,36.369127933778884,3,3,0,12.793215126144894,Medium
20.254828111130006,1107.034212190367,10.644526975530775,50.0047981840153,4,1,1,0.7024243023300485,Medium
221.17510767001937,1096.205126270008,6.094645977794652,38.833367893190626,1,5,0,14.088295191913094,Medium
111.21941304566695,2136.5287082297086,8.032500380903569,100.15301567317567,5,3,0,6.784988511186071,Medium
207.2216786436949,849.9965474533761,15.553950368676219,30.10021193831073,1,2,0,10.113834522983568,Medium
427.43452126774224,886.6045535298846,13.019765957408818,40.35728752171491,4,2,0,14.926627726223478,Low
120.80004550334367,1294.7608921147619,9.355565874525176,37.92453611853478,5,2,0,4.038579789291862,Low
33.85985713608768,299.15469099417555,6.628182952470677,6.209793605458317,3,1,0,0.9154975733985005,Low
144.2850265508883,719.9666655778436,0.9068352891939784,11.004251356636686,3,5,0,4.5431912690510945,Low
150.3289100945084,441.19414293038454,2.574133223874932,33.294378545874,1,5,0,5.1917946416584995,Medium
332.6486747898131,245.15798445336813,3.4744534117086716,43.97927321660328,2,5,1,14.000030647943062,Medium
280.7309154089328,1908.1952418016238,6.720903778656146,3.772718083027034,5,2,0,10.31499315036597,Low
393.0296135076747,1304.7419421578977,16.994585647372944,103.19847843607168,2,3,0,32.86125413114289,High
333.8352024620568,801.9066855308464,9.092761107457475,46.551121406156824,1,3,0,14.883356792279542,Medium
206.1614964128349,910.899242659434,4.2271229386661595,31.889774790455906,4,3,0,6.049632946569791,Low
407.9400904096872,960.711428038433,1.9035024743072533,45.032446559772055,4,3,0,11.374537568984742,Low
87.65159535431343,1400.2652170754664,6.089499442853352,20.741947095151136,1,3,0,4.8376035528348975,Low
16.242476201260935,2040.3572734460054,14.683151439919023,36.66264312003902,1,4,0,1.1158638755468768,Medium
49.57369108394267,2053.459570852222,6.900170281389142,41.07054190177156,1,1,0,3.6451766255995137,Low
362.5678785452429,873.4525153768462,13.905104508403443,73.58388411322754,1,1,1,24.256036431327693,Medium
233.62922897443676,737.7921619231377,14.44868957028382,28.054313846863877,4,5,0,11.263842368237071,Low
84.82953062163288,1003.281370403856,1.9947738545766744,8.569607969327471,1,5,0,4.17053546666693,Medium
253.01716367616496,1258.0966223341138,10.955875547282107,15.135646637928254,4,5,0,13.504161323970836,Medium
80.39449084301836,1026.7630469604512,17.26372914067999,26.312924012223696,1,2,0,5.251524494277772,Medium
349.67858566347934,1456.082433400408,7.23848534826397,9.56884579006678,5,3,0,12.174262040001002,Low
225.8473564091452,1228.5898709678847,0.916993602054401,13.685751755981668,4,1,0,5.314018432198987,Low
193.60550691775882,719.1598917930859,16.619448424641813,15.26213561814428,2,2,0,8.546750853779002,Medium
154.24848412819887,773.6931565625391,15.905993068304692,24.922721583979847,3,4,0,7.9660568186509,Medium
316.9898835938498,845.3322768802134,9.398546049762032,46.11968281243318,1,2,0,12.888341347237942,Medium
184.09724222392825,226.31469478366733,9.940556166192174,23.987392498036776,1,3,0,6.0385391386152305,Medium
48.38671006147,382.0165386624614,3.811339849970248,48.36050830375378,3,1,0,0.9901851858391808,Low
63.41292154965508,1596.3880886769418,14.750113599803472,31.912411583817693,1,3,0,4.9201810121604215,Medium
481.1393439520097,868.2308311181345,8.974800691058276,14.11494410221164,4,4,0,17.244715643892835,Medium
454.74744190026547,487.6949601811132,0.6098003125660172,41.572847605299074,2,3,0,12.05550940009384,Low
351.35503123632105,1246.6258550531888,12.294269216081961,37.01118033055198,1,3,0,24.321787189888532,Medium
136.60563092246218,1667.0762025920715,17.10893285644871,49.267501687055265,3,5,0,11.215063907315912,Medium
484.7423067871233,581.1807499129097,14.924708826223505,56.54776410673894,3,2,1,22.781785431238188,Medium
390.4816974630683,1822.401942593763,4.989566523789716,75.1511572608245,4,2,0,16.17642941898787,Medium
359.8606436337028,2041.960593982608,0.9598515288001317,47.22508296186216,1,4,0,29.921627092412827,Medium
227.4339435611754,1322.3200733809729,16.92632542568725,36.11377341544865,3,3,0,15.295123475955455,Medium
139.75957311335372,1478.3058966016436,16.867129047834627,49.42743053749388,5,5,0,11.063086611571958,Medium
52.71352626598215,134.61565890426073,9.58347575483165,22.106190296606805,2,1,0,1.1801653283170992,Low
451.78818628920163,2081.233362427756,11.561713410087632,20.77984517530791,5,1,0,19.257794918163306,Low
230.60926346763748,875.6167206975774,8.326801092794549,82.10412376811803,4,2,0,6.6972512350173,Low
105.169865573639,2034.1028731890372,7.555776607777656,20.276856570981998,3,3,0,7.153172745379951,Medium
156.448528954573,1282.1710039555287,2.1500718467166067,15.613991720943197,5,5,0,5.786979683361174,Low
291.7136866262385,30.06898147845419,1.7415521704997283,47.207114097780526,5,3,1,6.895418045621644,Low
92.5025275549197,104.02155852508986,4.189178640171375,22.26041583514088,2,3,0,2.2191746393411376,Low
429.02407062572587,1503.31299636043,15.059533435317798,56.150552207575814,5,1,0,16.80353948970326,Low
380.467167268429,1246.616270153614,2.6249814132422395,71.45672576875293,1,3,0,17.48666876426936,Medium
361.1341631957137,77.84071310924207,4.080575734464793,17.582833181920112,1,3,0,9.770112005371711,Low
218.88605468867635,1640.7427154648,9.875053067799735,51.27919702793759,1,3,0,18.288031330798034,Medium
315.5178761477094,1877.6768348108162,3.8723619254089394,19.87428407609324,2,4,0,21.191419916597024,Medium
294.1284946118041,1102.190111717692,2.9377203249201678,26.759000803563655,5,3,1,9.961475563272254,Low
326.6740677696359,1035.3512199788158,10.13969235056332,40.204304386020624,4,1,0,9.721640389280461,Low
46.7999389642451,31.93137725948791,6.6256788779390785,20.817776652993203,4,1,0,1.0113329364412094,Low
210.82466407445176,1734.8963732360464,11.270867145128445,37.60760737548492,1,1,0,13.387638318646733,Medium
25.599016061636778,740.9610255065098,16.419696127356172,28.51371867924597,3,4,0,1.3876309286518547,Medium
249.52545552603686,1935.7046911259363,2.7178763658312177,57.02678520578691,2,5,0,20.699472168573234,Medium
168.28130010472873,833.2720808765556,16.44180587663515,57.12835153698317,3,5,0,11.54873479217001,Medium
76.53947348869322,1251.869845174938,16.244819413612536,20.902731747202857,2,2,0,4.720141112618968,Medium
56.184469022663066,609.345098274534,14.92357650004625,40.86691690260196,2,1,1,2.588581693548186,Medium
295.8840632279675,370.0825214351227,11.363146511509534,63.14467336936413,5,4,0,9.11708815630776,Medium
89.44351942575862,1709.299229371295,11.162639834379853,13.48156743232867,3,1,0,3.639930736678642,Low
462.9344585965146,1102.567243884894,11.505827878857028,28.37643093443614,3,4,0,23.261951954892034,Medium
292.6252641516955,1189.5436737799066,12.428919921920636,39.58821831956775,1,2,0,16.304275630680355,Medium
176.70055324474436,2124.6067785901832,0.29667961073082627,12.959134825545306,4,5,1,15.109712239569987,Medium
297.5031682833013,2120.604208644295,17.245666424891695,22.978169752662446,3,4,0,24.39994027362313,Medium
16.28791615970026,1885.2998253112396,10.540867706380435,93.3469714551207,2,4,0,1.338084374263133,Medium
479.48681055451544,428.9882582277732,14.06638510924359,20.226722483864002,4,3,0,15.424523737227823,Medium
243.7402012867356,1315.5144735774443,6.791073103104536,22.106302567295103,1,5,0,18.409236262535757,Medium
392.45393748889165,1934.3613857490716,0.22314985048432723,46.839435832669736,3,3,0,17.51889755929656,Medium
45.95134996160709,836.3313814586842,9.175223877775991,11.550454145115747,5,4,0,1.534345615003544,Low
245.89587376488936,240.41144173957522,9.129422147686721,28.85518261297169,3,2,0,6.459062453836944,Low
247.89996220548787,1787.8991268830296,7.865807189606132,15.74761952699557,1,3,0,19.810088726699814,Medium
469.22409521261653,1070.244541969534,6.114906974917382,37.555351048091474,2,5,0,24.86496507901484,Medium
288.0053859261573,1250.3760431830092,4.496869580574996,1.0033618634261754,1,2,0,11.466242527760443,Low
239.37725352319214,2161.074565972901,9.49580774094929,33.851011789257505,3,1,0,13.424615415129816,Low
137.15295323048733,1343.7209184770772,6.7550065144828935,40.3837845894413,2,2,0,5.570792621810524,Low
169.12665368456334,946.455060752101,17.458773894896556,23.458545020270186,1,2,0,9.957263414172424,Medium
262.7328392234112,826.5659219068912,3.112691539804766,24.649045861975335,4,3,0,6.9433258255936,Low
222.26117285099812,930.4100579858194,5.753980217287566,21.18919011913662,1,1,0,7.332973675607074,Low
15.69797954076356,278.1100013294979,5.291288476642278,28.564043811287092,2,1,1,0.37782800568305613,Medium
414.0145024762071,1752.5562173503065,9.779565172247226,82.82923327675715,5,2,0,17.65841177079919,Medium
448.59958206068455,1846.2227508477497,8.987044625534661,58.25168852945291,1,3,0,37.483030186981246,Medium
74.42329905431234,639.9857533700314,11.587328377636915,28.542738581227642,2,1,0,2.1344579562873833,Low
279.24789105182947,682.2766281336782,17.10003187033574,22.984742971327062,2,2,0,12.18121977744966,Low
58.74499186204456,1926.0486788098929,5.133979538889613,54.55099709858661,3,2,0,2.7343868226709684,Low
337.7588460547068,72.25537505094289,12.469888246589937,35.806532796578885,2,1,0,9.297514106957399,Low
144.21072300030912,1154.5972274125563,0.45072365409330506,12.66613133962528,5,2,0,3.4135869794154567,Low
331.4142041724914,1030.8130580056722,4.722992509205241,26.054531686454208,1,2,1,16.47827000123762,Medium
364.8623340720069,1524.4763576810424,8.34695510393867,77.057547116502,5,1,0,11.999784817921617,Low
385.4805084992402,376.19390632581076,0.5579061926604203,45.540481731278625,3,4,0,10.34947298413877,Low
58.3317682481688,1476.961014933435,11.1180502899655,23.187310099195173,1,1,0,3.050847457629335,Medium
458.4258633431159,841.2801371672306,12.209590951230748,7.974632687033934,1,3,0,22.098608530574968,Medium
118.955925492966,1368.7982164098196,13.44117086708484,37.41839748380367,1,4,0,10.114752498928928,High
23.51921530720899,107.40712152265151,9.29834108717422,32.04314116161143,2,5,0,0.8278367945979225,Medium
279.6519723487843,1026.5652898622304,10.87100396961528,27.86854676133032,2,3,0,13.151727778985043,Low
188.60653051190718,1158.5069488815711,7.12917452301277,54.97188108018128,4,3,0,6.884201886152682,Medium
415.7459228505445,487.2315582238708,0.7425545851181257,45.93917067980644,2,4,0,12.264174141528757,Medium
405.0844786718294,324.37956611048315,1.7991334039412348,8.255812232804798,4,5,0,10.366315959350997,Low
161.9837519472441,430.873980566817,11.789926635626355,32.17754071909413,2,2,0,5.408727383746523,Medium
476.68520055952376,770.2275501780987,17.919995392543974,10.43569840446017,2,4,0,29.98753957798234,Medium
149.00432987935872,231.04612548483775,0.2844583049393312,21.47942754419811,2,3,0,3.8375943488578512,Low
259.95327896969866,2085.1571546905375,10.03650294287489,9.70071400553836,2,1,0,16.00517837530942,Medium
131.70271983096336,902.8870540608817,13.518157551886041,10.043045314295341,5,4,0,5.147085009790196,Low
468.34156717423684,1783.5537334647129,14.881946904249816,40.78155620555262,2,5,0,39.11312482802822,Medium
86.48086970309899,2144.2293283772856,9.81368822200752,37.93259836173732,2,1,0,5.936932691153379,Medium
27.23075659920285,196.00291040597125,11.158487643313892,30.40936881137868,5,1,0,0.5231371472444575,Low
220.37304470150377,1440.639440098287,12.541049014941962,19.990822484992243,4,5,0,14.811152394324422,Medium
496.22590420763936,1919.6718090958466,15.461392494481752,9.01636705388215,1,3,1,41.59072922696049,High
446.3802467961824,1402.6310660474676,2.2012116696507356,21.5608689424595,5,2,0,12.241341613446842,Low
375.56096963118983,955.2769445591597,16.67127953294754,38.05530332658613,1,4,0,31.402982358002593,Medium
445.9422829848698,959.7464596507054,0.4683132639282601,37.427820863471155,1,2,1,18.17275310993666,Low
447.2560866504423,98.25957149604243,15.051595517239956,75.9953728845047,3,2,0,13.572137371217835,Medium
261.8348883912923,1185.42963781062,1.3813276780745507,68.85452074430195,4,2,0,7.757535522203311,Low
161.38488065624253,2185.9237329953276,3.503307808888601,31.323657164401443,1,3,0,13.689086060894788,Medium
387.14615389493906,2109.982406618816,0.07009463486038703,21.3785606721353,4,1,0,12.891192420906577,Low
332.52232526804175,108.07031887591573,8.014620699648733,16.0963125669123,1,2,0,9.350299797285123,Medium
189.96057579248648,1558.6374679122841,6.018466080913061,7.682575689341341,4,2,0,6.452997378950209,Low
51.76100069045006,677.8474093993092,2.987872406766492,11.539233242099087,1,1,0,1.3806896645669289,Low
374.6608576177679,1988.516354425378,8.119622894470313,38.09594612278473,3,4,0,31.283617692323713,Medium
134.91795538181802,118.3501456462272,7.242675897099309,48.17953477199125,4,1,0,3.066905276429658,Low
468.7225095142207,2060.2055423841557,13.817898588577348,24.944619444922036,2,5,1,39.21005330556724,High
124.28043462781395,1845.6971214573537,16.076345509260584,130.31413774143687,4,1,1,10.134851074470259,High
65.76517654368558,276.1595533106713,11.746210531807474,11.644094755802872,4,2,0,1.8857159417113651,Low
416.40077270182854,150.41705535171224,2.23938699707743,6.929481011658691,4,1,0,7.968908311107946,Low
80.87573672912455,1839.6627082327202,5.317034304777311,128.84299813633945,2,2,0,4.785945237059294,Medium
93.73781253808085,359.55172272458304,16.439729342981035,8.588401633583095,4,4,0,3.64047192329674,Medium
301.69448180281756,1186.0779734873977,1.5972208741420049,24.677448758869925,4,1,0,7.898554704965332,Low
437.9082102145449,2016.3237901755867,7.323405109034876,17.267699768225164,2,3,0,33.20581208170403,Medium
102.23515952871375,1257.036887537525,16.965083146202662,40.15183228257133,4,4,0,6.762491465014439,Medium
158.6102180855469,885.9685972107566,17.11196714645074,23.237217424799933,5,3,0,6.217892065878884,Low
389.8153949293829,990.134999581703,7.401657186880064,48.284998809091476,5,1,0,10.334517598433509,Low
486.05408090017886,157.59543213443882,12.013143985778353,55.74067058243023,4,4,0,15.07993931287156,Medium
252.86688717015946,2131.8800605682854,8.221420770371981,7.60557265363129,4,1,0,10.75168380046416,Low
76.22926376286914,697.2261234767604,13.56228970985415,15.64515156886858,5,1,0,2.4143685511793374,Low
11.898462415559765,432.81241184682136,0.5684639524739732,51.19536071761127,2,3,0,0.5338204832531117,Medium
118.67973484943336,643.5831180120617,2.594828680584452,63.47775748300555,4,2,1,3.3969147746597868,Medium
70.25199780432791,2122.333564863424,11.055578463784787,35.11447671488275,1,1,0,5.648408135889177,Medium
340.44104343836443,225.54359660385526,4.185940723975145,42.29286033833577,2,4,0,10.219320198378544,Medium
65.3070897911229,1910.7206282925754,11.988941386844674,79.22865875067549,5,3,0,3.900362921891379,Medium
255.63331615221333,1563.099689795156,6.32201269430337,23.468945918305884,2,5,0,19.241020461772166,Medium
348.6599056432288,1829.4418105666814,15.959620046300785,34.83345575031139,5,3,0,22.695425609563756,Medium
292.6527215643467,2147.456638002014,14.746668940079756,68.90578851195563,3,3,0,24.27443841942953,Medium
103.88894757172852,1855.8971490267807,8.87108040123808,71.81244879989836,2,5,0,8.434190699107177,Medium
403.04164046022004,2076.573525785719,13.91211156770744,28.72974242003579,1,1,0,33.6639670652594,Medium
359.1265291598218,296.7188598042051,4.8804819522316265,16.078885946299117,3,2,0,8.46759888472986,Low
370.7970819381932,1754.8190720639948,8.896675982613527,28.487961237428117,3,4,1,30.92897598532924,High
69.87358702087006,1209.5730130966842,3.5546769335390067,30.60735822235376,3,2,0,1.9414990321980339,Low
66.25813280692057,1204.8203972740962,15.495951033377889,15.580092592811548,1,5,0,5.471074522348453,Medium
464.1434627482213,1979.6490363787198,14.815217098231468,17.62958791915106,2,2,0,38.8216122738931,Medium
201.80120594334562,2138.5323246498306,16.238694031362023,71.87941877429678,1,3,0,16.937953663474826,High
153.96960243156516,1556.5475442341344,15.79458566203667,43.688804067188435,2,5,0,12.673128608455777,Medium
246.849102449009,1072.8056890484888,17.272732717070905,24.772182075485006,5,2,0,9.006839986996697,Medium
333.1177853179733,1014.9604102260229,4.110052169374667,12.312660429561408,1,5,0,17.09445575838352,Medium
478.0335122382501,862.2243767465363,16.772837234315677,17.807743889362758,4,1,0,15.975545356903247,Low
146.79088230661722,808.2858844684046,10.281837444335958,6.359356166001252,1,2,0,5.809607646871112,Low
462.7801725094534,873.4849148720605,7.604911510526739,35.788386392401456,3,3,0,15.954522639813105,Low
17.305448236196877,215.6620528476057,10.086730127421713,16.995116170559886,5,3,0,0.48435136751300917,Low
279.8230309517782,188.81066586775532,6.1668424197050005,37.86931000574808,2,5,0,9.799299797219492,Medium
318.81768028213713,1720.1162596416395,5.193954125297138,50.83389920200429,1,5,0,26.609168960973236,Medium
57.41921485662288,992.4389065660929,4.343658083595518,38.26965890371865,3,4,0,1.781116135908757,Low
74.46810054663675,2048.8921850272727,1.4837038102282827,22.435117178273483,2,4,0,5.040938488401641,Medium
212.46158806157038,1354.6417987348163,8.938168148649375,14.898877431654089,5,2,0,7.223156451335597,Low
483.28479651087497,96.68364116203506,15.979710162849974,10.727884170385195,5,5,0,15.290934409385207,Low
300.04106385101454,363.40088407210527,11.342735446938924,67.28346219352099,4,4,0,9.916203333343129,Medium
466.84649469210456,468.6871487683565,9.377561389603922,37.080377154692364,4,1,0,11.386363813323674,Low
403.1586532284205,2147.10453316946,7.7146725285164965,23.45747389518521,4,5,0,33.61573102755673,Medium
236.3538927698693,496.775213010564,8.359229273709456,46.273063655631546,4,2,0,6.243043087995149,Low
393.45790737983276,1144.347374307952,3.766992256295117,60.184277831677036,3,3,0,14.194721449269684,Medium
13.82920806860893,2060.8657109756277,14.81284578947575,17.294927271058654,5,3,0,0.9818258893217298,Low
59.026278399038794,2150.280151213299,3.5708933390675046,36.27699923834968,2,5,0,5.174308444695642,Medium
415.5671643669545,535.2657491361272,12.899209621091634,36.81018308449078,1,2,0,16.28654610113437,Medium
399.42445872095504,127.07646337508749,13.679730206930747,77.00039167033403,4,2,1,13.392971984342328,Medium
120.15716727338467,354.8519949323135,10.347642756499216,23.199948638645054,4,1,1,3.31727965502076,Medium
267.7309473465315,158.05608357157664,15.532674749186913,14.435940026917422,5,2,0,6.394280482859584,Low
304.9778312465054,445.37084558129334,5.238906344111701,39.21178224995542,2,1,0,7.841535039059017,Low
434.53078211912555,1259.4819780541432,15.869109982371539,48.96219707667556,3,3,1,36.62169856762149,High
303.53804288266923,2009.138375924499,13.129388272787475,34.150577862293936,3,5,0,25.386484002346275,Medium
209.22292679047177,1191.1371664536612,14.377496899711693,80.49029865261987,2,3,0,14.517479264200674,High
190.22110148655543,1384.657233603996,11.962434771491655,23.142193651741266,4,5,0,11.800311873831316,Medium
215.8116327548874,460.07060850879964,15.23417430581945,34.77313592333665,3,5,0,10.251747663563089,Medium
327.7058576620872,1765.2722930689933,17.875779528917448,8.228389668343508,4,1,0,17.777207928951448,Low
434.4078627174008,1366.7798205421714,7.562931381443495,13.742834582659794,3,3,0,18.722677389971086,Medium
229.67895662776837,1903.8182876401402,14.650482306772266,17.38812642834561,2,3,0,19.437502639473397,Medium
127.68058366092227,2088.4779732726092,13.402435671324604,26.243174084154038,5,2,0,7.271178346203353,Medium
122.14786968380267,778.4236911493712,8.151662982816324,9.595614927946949,3,5,0,5.015846737723432,Medium
374.27706872050595,217.46234760725778,16.685081995185215,45.82044948136807,4,2,0,11.059761872798328,Medium
409.20153789483567,512.5251282585857,7.099666732306705,16.116028104904856,3,1,0,10.004206551991194,Low
57.11264952779186,974.4946131733251,10.178386492972276,115.59616717543796,2,3,1,4.207549116401374,High
37.946634192813185,2081.612160977352,1.906962425837308,16.602837073899337,5,2,0,1.0957506907697296,Low
299.2446635594436,844.7154127740453,4.063953493192792,32.19338656855751,2,2,0,9.16702889892551,Low
77.35575587538565,1700.2856057905067,15.132531069607692,29.27726538411375,5,3,0,4.250492566203033,Medium
413.20877427588897,1198.239188932246,7.137949010919252,12.729792166577107,3,4,0,17.55419804366414,Low
158.61566359241684,418.52311953952886,7.093513609474647,26.321069394286134,1,2,0,4.877177058584212,Low
76.21660682071561,719.2003793185245,4.427658327431164,26.07171462692044,1,2,0,2.37351451656831,Low
460.88038388128786,1443.9583093497447,8.848986017354179,55.77776395350107,5,1,0,14.278517832530971,Low
86.93820275396268,1486.8204004130678,14.504705304311203,40.26284828264933,3,2,0,4.7305811933580175,Medium
145.9364407572781,967.7762480437207,16.112954119927313,45.35475634512206,2,3,0,8.572323209160238,Medium
81.03863062006903,518.44741380341,1.26205977679531,54.95277161831117,5,4,0,1.8668436074424477,Low
62.16758151435071,1593.7567793376345,10.346773162322078,45.86601425207627,4,2,0,2.8698875679305678,Medium
15.468268086537817,388.1432307157182,8.410920622062022,36.05943319312718,4,1,0,0.15,Low
32.42072753630876,2061.939928265976,11.05707330848841,17.255185822417623,4,3,0,1.7785201158425568,Low
91.44752811324709,429.6298022995192,8.050962364348845,34.416672861523054,1,4,0,3.630392595123744,Medium
31.424056650451817,253.94095097489455,7.175606775361472,14.635380332779079,1,1,0,0.8509364075536215,Low
297.61618897493076,1104.8719911565258,8.493852823730808,27.8682515994728,4,3,0,10.589265956554991,Low
341.95369076575565,1152.618123879133,10.475984317615454,25.180957724122774,1,1,0,14.345718521510681,Medium
199.84707613185398,1127.8605542165737,9.017697798571982,26.42716477219365,4,3,0,7.05075233681295,Low
162.40559299126446,971.9351267586701,8.49860011837163,9.688348802081132,1,4,0,8.479713314347563,Low
254.7404873260039,2188.696466368546,14.721035579245454,1.0349279090022863,2,4,0,21.14005831676406,Medium
438.12744640613124,1080.0917356218686,13.42166384228144,21.713296215037946,4,4,0,20.78399869761338,Medium
426.31015527699196,1061.9235460128316,6.14481289526147,63.80360734105322,4,4,0,15.905739176436878,Low
26.52015569633201,939.4500167177437,14.410388115275769,31.845840505609416,4,2,0,0.9418642377505589,Low
94.84171275027941,165.68014524918914,15.365712042081002,60.72292688221791,4,5,0,4.1070837074707836,Medium
122.18871119667602,1312.645455906163,2.762859696735429,14.719590790632697,1,2,0,4.652224660507419,Low
128.44685003694485,516.9697434465377,10.488284311153658,20.868944527870774,5,2,0,3.3526700323047347,Low
287.7601626126725,1409.9875768993288,5.135615884785848,120.09044450657765,2,4,0,18.27883282213982,Medium
211.04990072308019,130.8169470476802,13.305101794681006,15.497847132677249,1,2,0,7.017919741420815,Medium
29.380789364159025,2159.4238807315437,4.298135928456299,44.741033038467236,5,1,1,1.4805130659689405,Low
189.93899853748795,1042.4310722476253,12.085263435114573,44.69222036556142,1,4,0,13.75291159443395,Medium
264.25770961523045,1974.9267100677225,4.59224380903741,41.32313926472523,3,4,0,17.495636923585998,Medium
55.327591937339406,1056.723357647798,9.200587741738977,45.136091363542285,3,3,0,2.1104551330772434,Low
417.56198412533706,151.52118449180338,17.075636422491456,15.307602679561903,4,1,0,10.917096959666177,Medium
30.72112390022661,1812.4255304844992,6.863535692215821,22.547319240922228,1,4,1,2.9658228258371357,High
462.7967251639407,1433.0405306743528,15.763292747337738,1.5885769250346755,1,1,0,28.528802259962927,Medium
54.06100508203837,1724.2303637112004,17.765002461670104,78.7108011117139,3,3,0,4.565867361281459,Medium
422.5696010408876,953.4103024493438,15.74731527849294,44.94810784411302,3,3,1,32.15177021132232,High
451.81330624417046,1410.702102457686,2.985588535020171,17.40493935589742,4,4,0,16.575268508137324,Medium
489.8874868903634,1886.5792282766042,14.753847951632935,14.859380083598147,4,5,0,40.77185481002367,Medium
402.0028107354288,1395.7226654607148,0.5786891118101025,64.54687542611568,1,1,0,14.409002947166694,Low
390.84138268180783,777.9285239422692,7.079433906587541,16.39710643964504,5,1,0,9.446456042839573,Low
323.0292216177961,1464.3145157183158,15.67320071972155,17.3595074534629,3,3,0,21.217596497060015,Medium
390.60319551617386,1484.6421311786667,12.397539829678557,12.245896753491255,5,5,0,22.099291341767067,Low
71.6033431645078,2114.0795782644427,9.589327692081806,50.91695160292408,5,1,1,4.851177415916738,Medium
270.35367779408045,828.5888609608388,6.981552451487169,60.125277106907205,1,3,0,11.538785657880947,Medium
259.54032074425515,946.678253180806,14.621345036465149,25.29979958346793,3,3,0,12.164557046872432,Medium
429.498211340666,1790.428055387789,12.772051271067976,60.38843264015623,3,2,0,28.101372028335092,Medium
234.08568596879036,1122.561846139176,8.43129575308212,38.88410177616305,3,4,0,10.69910451211643,Medium
195.61930056967498,1625.7293429922981,16.064718069773875,11.58308442260855,2,2,0,14.727631012496657,Medium
321.5838192623695,1022.1666325088307,4.1390643207353826,74.97468280220924,3,3,0,11.360539900711938,Medium
136.8993421629188,489.779409151687,3.067047164855248,12.129068138246646,3,5,0,4.504972629019859,Low
74.18536342220865,1644.5443772626036,11.570467758004469,26.731101726613414,1,2,0,5.201492314978328,Medium
241.54925064175418,305.91826882266764,17.495898168631864,25.35678283508086,2,1,0,7.902699373539011,Low
211.3602374544681,452.9123864982516,4.450618319521865,21.995853692765852,1,5,0,8.44261753960472,Medium
120.12212056179249,1386.4784624695749,4.494066820808877,4.332330783004861,5,2,0,3.389953156851225,Low
186.91834600698837,1649.048164418712,2.5109792633194186,104.30955316302682,4,4,0,8.594913858346047,Medium
186.36426266399246,1970.4195933718368,15.49014399492538,5.058622243862398,2,4,0,15.732263652773252,Medium
167.11030438421,614.2385643666439,4.075155727404013,78.0827464351039,2,3,0,5.64131626932133,Low
192.83471946482985,261.3788837492085,9.057213481047981,14.424000650343345,1,1,0,5.265532191539006,Low
344.44295600069296,2104.1817177593316,17.835704604039684,18.782785212974375,2,5,0,28.746052972322,High
151.95385491278623,356.6423318882705,0.21853621659678413,73.07897700303307,5,4,0,3.2949247467488623,Low
474.6846737240935,450.91402131511416,10.016749629194294,41.893416333651416,1,3,1,24.9262834983535,Medium
458.59226967139807,655.0982087574553,9.221202768689025,8.512825848029166,1,5,1,37.182511633951954,High
243.0506620085389,1174.0731517773067,14.534052775382785,8.338043810166502,5,4,0,10.790012233338475,Low
167.53879647732094,1944.55973395429,6.395067711949985,37.637392109320594,3,4,1,13.768191154763953,High
270.0402209658516,1677.9903295511099,7.386144460182748,11.93807004770466,1,1,0,12.96634700955979,Low
425.03744194294416,1563.7834673769446,3.022883650779546,43.29173054712042,3,4,0,19.64967455618171,Medium
328.0307335772505,401.893637926088,13.33467416944416,46.433252408923416,4,2,0,9.53049927168208,Medium
403.17395483380335,799.7481367266238,14.124760365386669,15.786284403821593,2,1,1,19.047581003787435,Medium
268.6975266525414,1062.9227388689578,2.4599397740189444,19.625406957411954,2,2,0,8.209178168197282,Low
318.29422648747226,341.38857859857717,7.082227331789792,38.522019010797145,4,1,0,6.799259628035294,Low
147.63702902031855,616.076750636146,16.072289916528295,15.195798677855601,3,1,0,4.844727788178335,Low
368.77211534359395,692.1663846172005,0.04873092616416885,31.878698197381233,5,4,0,8.737212136426363,Low
105.19027359723059,297.46211235730556,5.377663271207381,124.79536981103622,2,3,0,3.311854431572895,Medium
348.92507376515664,1219.5225283600016,9.99076113094586,39.84670609699469,2,2,0,15.781146268319967,Low
431.05593882131757,1556.9614684227406,6.013689473879159,22.242961409818992,1,1,0,19.137039646923213,Low
70.39090446426424,172.45095661955745,4.896813405198049,111.24427552093876,4,4,0,1.5500615643052584,Medium
309.1179715682503,1068.8483618436665,8.280674728257827,53.44032704543369,3,4,0,13.952124362355542,Medium
52.07239537381763,1725.2204056837932,3.2674159459744874,12.203331325435242,2,3,0,2.338664620563743,Medium
364.2292359943563,1650.6184811163341,9.533254337270709,14.363095456969983,4,1,0,13.09824657934963,Low
46.824143317642516,1796.859349756884,12.720526583638065,5.7543562166179925,2,1,1,3.879317952258862,High
468.2902122368099,997.1645803119234,10.355309147313038,38.020926589095,1,1,0,18.840767924965395,Medium
73.01692536871207,1808.8144401548964,1.6759679554535563,3.452229458105537,3,1,0,2.5485650199876133,Low
479.6457217249948,544.8416952471075,15.199355054980318,111.15554651556047,3,5,0,27.59492715359409,Medium
401.43766716212286,806.5670238901835,3.1496010747747873,24.40894944932229,3,2,0,10.981227394725481,Low
298.87259221084526,404.45515659080684,13.766616011000316,55.717800668097816,3,4,0,11.408241982167246,Medium
392.3989317916257,1039.1162959542867,6.4901719939653075,22.704115727314395,5,5,0,13.916507681527992,Medium
398.58184529662753,874.6908488656662,14.089704265009841,37.54190105035891,2,5,0,28.085386739039635,Medium
473.2833960945785,545.2211137832006,3.712912261296224,27.012621981897766,2,2,0,12.887019667770033,Low
130.42476015039767,1658.8819461231037,3.359917866517736,31.201285427816178,3,3,0,5.538519586723361,Low
297.08756820236306,704.1859632033895,8.946465231914681,67.7981066695216,1,3,0,12.930805491832452,Medium
52.049352794378606,614.7134397179219,0.5928482645704889,90.3040828707593,1,1,0,1.3821658295997616,Low
310.00202151194003,305.34092125407926,4.055352098082,85.72634269743867,3,4,0,9.099271749976706,Medium
89.78919552593047,976.6313099282481,13.032220539318269,180.0,3,3,1,7.59045915388585,High
284.65055267885873,680.4628908653184,15.072902609497659,16.66308631747182,4,2,1,11.947098992489298,Medium
288.3531044467556,825.0147941233115,1.454136550880588,40.210023177388166,1,3,0,9.823734996303363,Low
235.66265072570752,534.4740325128048,15.877398769885879,16.99453841260236,5,4,0,8.291064332429418,Medium
263.7027288789958,1683.678967807383,14.355309672957222,65.93230907380533,3,1,1,22.140452115313536,Medium
383.142078053261,2047.4072972332838,15.654317322725376,12.751247150390249,1,4,1,31.81730132629389,High
400.62613467347296,1105.491439079775,12.571713982419118,68.5937348830066,2,5,0,33.37363067665488,Medium
248.6158417098374,1421.736562883015,12.134755211291365,35.00356549766994,2,4,0,20.29376446310063,Medium
301.7987535536931,1910.4355630026191,9.451678200207548,28.207289419034346,3,4,0,24.929343994020954,Medium
465.9619366666004,2197.4486093873757,11.75017004084367,30.729340461709057,3,1,0,30.657679932555595,Low
64.2681263080558,1357.465936711034,16.543973962198894,10.760617197355778,3,4,0,4.735833951980079,Medium
62.9662651205547,1959.719237056914,1.8093960255007515,11.634806007256197,3,4,0,3.2717210961829912,Medium
48.41596089583036,2000.7659774912995,5.6837606012296416,35.46360329106437,5,3,0,1.9490243929354878,Low
330.64232609506126,1745.3642434206167,1.304189524725693,35.287532060257085,5,3,0,11.590302830792384,Low
212.21110889123784,1024.8304325393801,17.006493094992692,17.656084856215877,3,4,0,13.016409824113286,Medium
388.28910099021243,196.9157209241005,8.014778387988983,24.19906916023782,5,1,0,7.893144493671524,Low
337.2595495877533,54.45611085949178,12.156200472171392,42.66378750763185,5,2,0,7.78504909194686,Low
170.1506903724779,1060.2973805567756,15.140161161077785,15.124186418899136,5,4,0,7.378280326520245,Medium
449.6914409439602,1097.6056831054666,17.838004465376795,5.02945079818257,2,5,0,37.40859838954911,Medium
382.4534127999729,908.0500055412796,2.9120842402607834,80.59879285039057,3,2,1,14.106137930057258,Medium
138.91479575053697,1258.6048258151748,14.391226902928116,37.304876163299134,2,3,0,8.409919846743328,Medium
185.27504879716673,1223.714693203651,15.973612166461255,20.407629705379648,1,5,0,15.45101936696426,Medium
160.64779020111013,1843.8164294512706,0.8797567833157611,16.950441967141636,1,1,0,6.617532941802082,Low
83.01776606937483,256.8724851117321,13.573630083340321,14.994993489333307,4,2,0,2.428839414447603,Low
78.15276940838487,510.8873121100891,6.385055781537906,65.75594003082311,3,1,0,2.254420324376181,Low
468.3830943709933,1748.7508541319942,11.674742246467776,9.094380836034478,5,2,0,19.325598362343424,Low
221.76249841338287,1868.284370547567,9.252867528699566,40.135642948164254,4,4,1,18.64345401745003,Medium
194.74331227481787,2188.716785693492,4.675360537559465,40.11097678269278,1,2,1,16.00829560014586,Medium
366.1944257953021,1922.9481957238434,2.4339845160717486,51.55899856811467,5,5,0,18.527986912400078,Medium
278.7315673001855,1959.9798354176817,2.1050501956057492,22.04009024776427,3,5,0,18.205880001226085,Low
468.3892934850388,705.2785149331926,1.8598114387528506,76.07456725718247,3,5,0,16.140183885573435,Medium
391.24923948514913,895.6223621404405,11.480220722422398,52.6223269625411,5,4,0,14.411559056091935,Low
242.28793424164746,604.4255285088012,6.3253953251916855,21.439140722030427,4,4,0,7.511778335993442,Low
191.29793937300897,1341.73268806012,3.8994018877057037,16.276922915459206,1,3,0,8.884372423345745,Low
493.3826147375394,2066.5956721713437,12.453931668706254,27.070782771631134,1,5,0,41.414515524330625,High
360.2913168218035,771.3171325953266,12.363292183796403,20.859070903980605,3,1,0,11.009217968584942,Low
475.84135670190136,1234.2638845015615,9.705029262425958,14.044562076302121,1,4,0,32.44214485936386,Medium
63.646895722435474,665.9331943885975,16.829240703585317,31.77142087917818,1,1,1,3.715189106127794,Medium
426.0141711994374,390.1639428245023,6.937456165945584,24.3259405359879,4,2,0,10.329570802132105,Low
320.35157257564777,445.50445500466935,15.045533482847274,88.30658296510019,1,2,0,14.080154542425664,Medium
65.35123077588074,146.32085109312328,1.3525093427795336,20.831468846512866,1,4,0,1.994274010610446,Low
296.18770998476424,2089.459880160181,13.31695969269308,16.150042821217582,3,4,0,24.732457289379283,Medium
344.61770072719713,898.2775465466325,17.79205344897474,30.238741942072213,1,1,0,17.126696236364392,Medium
11.089829514858405,1838.3835445645957,15.238767893180704,36.44624643966474,2,4,0,1.1002138499900465,Medium
229.88739111166456,1505.2982504635268,10.43396494758107,38.511712444633126,5,2,0,8.798712972928355,Low
413.572758042179,438.38813187616614,11.281789157888891,38.23926861456847,4,1,0,10.367408126370025,Low
151.20271754532448,402.50769754241145,6.359211889865042,31.021057111782305,5,3,0,3.288647511008481,Low
231.9813004902828,1790.1342792929877,12.23073392864587,29.33849930182204,2,3,0,19.431638954527656,Medium
223.94549289860714,597.0715291505915,13.867116897263887,46.61977541439356,4,2,0,6.948931108001323,Medium
154.45405876403333,2010.961700470307,17.96811266012137,12.926896397195797,2,2,0,12.844950992478385,Medium
459.62873828019934,325.32078222308957,8.864332506007793,16.25025088208349,2,5,0,17.688201411038786,Medium
391.74054753860037,1497.4047795107435,1.103473183921961,6.938234826915073,1,2,0,15.213969203511592,Low
59.74126344307469,1795.5530497474358,10.725443113157734,13.119552391720108,5,5,0,3.840380706648045,Medium
498.53215562959866,532.8589267461061,2.1424346996790344,61.42747426988842,1,5,0,19.663378221240798,Medium
440.2040120323339,622.132052335314,4.405770784009981,45.24201500780431,2,2,0,13.021851657423486,Low
145.53467674269928,2122.6511717834596,5.918038403503271,96.13133441909159,3,3,0,11.000255622601724,Medium
419.2638069321644,596.822779654625,13.158537716671391,81.38383654370958,3,4,0,18.347962208456476,Medium
57.67766827633452,957.3063687821042,3.3085462298130097,45.51525088149547,2,3,0,1.7816525663862142,Medium
499.55684158474816,962.8839932683582,2.9835530431623454,33.662305401881724,2,3,0,17.14650158936268,Low
334.51394437273575,571.6157548467102,0.8093563649788944,30.679891087257648,2,2,0,8.364965480041151,Low
326.81188270160453,1711.2245684328573,15.718318854369855,3.1874780333873693,5,1,0,13.188114346677219,Low
49.76815985714571,1702.6315682395584,12.483097638409092,28.15443470005705,3,1,1,3.747076224297589,Medium
449.0315324538295,844.7332710078526,0.7190363811172769,18.77212461613283,5,2,0,10.214125216382294,Low
19.354754086212367,1840.5742245559995,0.5092615014860624,13.65510849946847,5,4,1,0.8952320869131262,Medium
124.20988873036778,484.5033569898252,10.056137336551009,40.49021816215133,4,2,0,3.4231869155238925,Low
75.79582820748433,29.386590955539447,5.085619223160799,25.595984389228406,5,1,0,1.4630426743111486,Low
389.5001306426482,1265.1448492815155,10.741074307774719,32.11449564911138,1,2,0,20.808547885713494,Medium
103.11109247038445,2187.089543946185,7.822875162257375,11.90079182989084,5,3,0,5.464099896188566,Low
455.7659224297882,104.24459542260844,16.619626121584584,54.195167826676844,3,2,0,13.591614670380316,Medium
329.85317446710764,473.4358006844441,5.180562269304622,20.7496404273069,4,2,0,7.781308316213642,Low
22.900541694874626,1151.2339206218435,12.224616631900084,38.95847833597037,2,1,1,1.4182312701103024,Medium
7.687767893706728,1785.670805449818,0.9729776091347855,22.20290918968328,1,2,0,0.2718710277905846,Low
30.570668922127467,214.11157106361603,17.205489615400655,2.4774381113638397,5,2,0,0.8147278021718904,Low
304.9329629356252,881.6115451943896,17.65363442235034,41.67019417162889,3,5,0,22.781464310576986,Medium
401.73349637541054,1648.6252453731522,13.303343322295424,26.92279217732095,1,5,0,33.49397641126798,Medium
123.08364621055729,829.9641943258682,8.373824488144317,6.433958439162458,4,2,0,3.7708006943447363,Low
425.4573772469211,431.66339663689297,3.959881907890704,10.584166209156056,1,1,0,11.223191796786923,Low
33.329810375863886,446.1809037245604,14.625294124463364,55.295755692507335,3,1,1,1.2607861302006789,Medium
401.4771075526297,913.9063554746874,13.254373748646401,6.780951520897381,4,2,0,13.313204691370471,Low
464.2587379352788,1065.1292230768427,3.995172712097083,20.30622669184163,4,3,1,17.209400084784786,Medium
387.19365755666837,1898.7554308389106,8.121875294830783,101.68304465545162,3,3,1,32.20083769034426,Medium
350.5697880694254,1420.1102724782259,8.330380880702132,42.44171664966882,2,2,0,15.977577483245511,Low
419.80020823441464,1525.076260843793,14.875389899508765,50.10879070748079,5,2,0,18.654534286167966,Medium
24.874893275797877,2162.9120339482774,12.309204318013377,23.885652883734096,1,2,0,2.1034819152071567,Medium
104.88214480593241,917.8186998561227,11.577015783720991,5.835051161678398,1,3,0,5.340978695551959,Medium
66.83722125629333,899.3125990830997,11.696893606139012,34.44107045541825,1,4,0,4.3859226134864375,Medium
254.74284014552833,2032.8963896422708,4.86846142888462,11.306397946329986,5,1,0,8.53516649374053,Low
373.86812352277803,556.0087796710278,6.690802676931613,10.289940587974655,3,3,0,11.341422424302344,Low
316.85586306531735,1610.9972369402492,0.8219211378607105,31.559584503176154,1,4,0,18.025434966266385,Low
426.30989438215784,1664.9694413155335,14.164940444618228,12.066677623854765,1,4,0,35.26378125310316,Medium
81.83043125833998,233.17783443106592,7.7939678730566495,28.887381242996753,1,3,0,2.529301997018616,Medium
368.63744050790496,1040.7444644120133,7.888290427576323,16.721853158568713,5,3,0,11.155378774603982,Low
100.55553798010753,457.2261874809878,4.416412768805281,28.12730108888571,3,4,0,3.0799428973695133,Low
139.02558190231113,424.11809470941876,3.7696910662697203,19.236182703487774,1,2,0,3.7108772313169105,Low
356.4028251542454,1031.14528080907,10.580794732242527,28.72923124202693,2,3,0,16.365998192896274,Medium
490.2013685248475,650.9567623675816,4.185954273666164,76.93728070146783,4,2,0,12.560190627240617,Low
307.71408495864944,1755.4117758243985,1.1557593281783594,50.90278191135171,3,3,0,12.997197926944677,Low
31.97765592069132,1998.5786632312515,13.815133487656169,26.330091587306413,5,1,0,1.6385008348896197,Low
310.07294011412876,1769.930919528637,6.776449819314587,68.86323808777583,1,2,0,20.72863883282556,Medium
25.963523032182714,599.9473023152302,6.84424051018748,39.363460083064524,1,1,0,1.0185854404627723,Low
442.6521271265745,617.6129782411663,7.763729067284244,65.69213502827593,1,2,0,15.685383066994644,Medium
356.24125112480726,575.307803256079,14.670806821345689,7.605895861303717,2,3,0,14.945192772417322,Medium
90.69828397913909,314.3830494025946,5.775064126916709,12.196051440039557,4,3,0,1.950035172990433,Low
50.40189788297804,2077.4804424660906,13.644651802641048,34.14289164461647,4,5,0,3.922481296716865,Medium
95.84894829575789,896.4641999824112,16.91180713403178,25.82425490101818,2,1,0,3.798437619947016,Medium
490.1134538793253,509.82305451000474,11.89562752664639,28.78163095236962,4,5,0,18.588781634413333,Medium
231.98751801695246,1865.7428901079709,7.770259461186443,44.043162198262536,4,2,0,10.654552005855955,Low
393.12006942899694,890.2457597939832,13.460215016639964,34.39697848514782,1,4,0,26.44359949769312,Medium
320.02212934334955,96.55464821907314,8.24215265552494,54.33088779649349,4,4,0,8.61942761215874,Low
288.3445092295255,373.032623144196,7.4596908799465345,53.308382746746766,3,5,0,10.129798093271276,Medium
76.8394760591996,1413.5657419764507,9.455096944308298,12.731863852669521,1,1,0,3.6261023132519203,Medium
473.28210451125705,1726.7334976943582,5.7190020265672885,2.603600841312299,2,5,0,37.34480570389761,Medium
154.16460309478538,479.8369669053942,1.8765038930400215,11.988416743236357,4,1,0,3.0829175393970623,Low
291.11852182473336,2019.9223846001898,7.467336099470973,11.27833345369738,4,5,0,22.393841430393977,Medium
351.38909257158775,1875.1737217137186,2.229423860327435,30.451373764027736,2,4,0,21.812342326798532,Medium
326.3704118464279,1869.4700438531565,7.387946523998041,30.156768711945052,4,3,0,16.503808352575568,Medium
470.59423279928166,516.3013000222868,10.024806981842106,24.620835976671774,2,2,0,14.948049510405081,Low
78.4773000104287,130.1684552571258,16.75280126170164,40.46205592546892,3,1,0,2.07239652155523,Low
256.63460553123633,1910.9833160720325,0.6520019588154646,131.73462230843495,1,5,1,21.633445922148816,High
204.99702341667916,686.6444986500769,11.186251317034994,24.197382843863753,5,4,0,6.528837098970775,Low
239.71352109389596,1369.2377109582865,8.239233359701391,35.20395855019847,5,5,0,11.218979422982866,Medium
64.01267546788358,1676.7278064675916,0.364700307674505,28.776695420117697,1,4,0,3.971520680179482,Medium
71.37683188701884,299.679303554242,4.4918671668969665,17.825392127051778,3,5,0,2.1651761471297264,Medium
142.6473951617224,1722.2276128515246,2.1327345423864283,44.33407630406616,4,5,0,6.810577118862056,Medium
155.82877886161148,2065.9549805351235,3.9022946231660054,23.260513610666766,3,3,0,8.981351341111099,Medium
216.81209077226825,1607.8574253271718,4.9422643822965275,14.73783288138627,2,4,0,12.579702996839867,Medium
307.43883578313097,981.8655916876166,7.223514036879533,15.725409858344008,5,2,0,8.207254340156918,Low
319.1414131220402,1931.1583424787123,9.522709082800025,55.68691107342601,2,4,0,26.786343343125026,Medium
208.84639380985726,1169.8576335581786,0.017819890674949823,43.557704652630584,2,4,0,8.166485046151463,Medium
207.34763916720507,1643.600622640524,2.9136484913173346,19.52492734898045,2,3,0,9.874460062324584,Low
112.72612071499618,1808.702957611757,1.6841949409584127,39.9864607221953,5,4,0,4.309017947611935,Medium
296.21159296245906,1653.589238503833,9.894121186729388,29.03637947214108,3,2,0,14.417850370209607,Medium
161.93525110203277,647.5236297849756,5.923347667222856,35.65243271488613,4,4,0,4.692231446212873,Low
22.849617967295032,276.89970397471177,9.871159248624926,17.433528371234054,5,3,0,0.701905992952128,Low
212.1080218576459,539.577994009291,3.992819439144201,11.612226138022764,5,2,0,4.654555619713527,Low
239.69567416963432,1116.26736261717,0.43612837357652756,23.156642886005766,5,5,0,7.453806966561136,Low
116.66846976108444,1121.5036905989489,16.94460422286444,13.52180628594975,5,1,0,3.8833440112390822,Low
288.36667689544726,1290.164681505692,1.9495461814018924,12.635710044987198,5,4,0,8.871712123440846,Low
285.05709071380085,881.322005854402,2.283457463310903,8.068063563329956,5,2,0,6.4422578496428935,Low
352.49107964963383,1735.4232115610603,2.6378428771825293,2.6304944565157817,4,2,0,11.943618458438225,Low
325.734498689599,2010.675175756913,17.662977431878907,19.812713551953195,1,1,0,27.442482364814868,Medium
327.95436297791065,557.8606165852474,11.11788432305993,62.95927077459379,1,1,0,11.238138145537524,Medium
161.52600515290135,1625.6206145901158,10.98521913066931,52.59139025009816,4,1,0,6.580765821028369,Low
394.7789498830472,1497.9786385481973,17.760567627333533,84.7287443268936,2,5,1,32.98468254851932,High
276.8264698818413,1160.3372884289065,1.5918978469437859,12.14308126827681,5,5,0,8.869079731246282,Low
218.5520066140456,430.9959098456693,17.541016065761205,46.3857507018709,5,3,0,6.87972395358808,Low
314.87617806582324,1753.6063237103067,3.6722366379727363,26.234389312188426,4,1,0,9.918810003192,Low
183.52538055287587,2114.1653026708555,11.215287064116637,15.748538180523298,4,5,0,15.137585322509343,Medium
258.80592608034533,1593.6032042692773,7.56150417545025,58.10067907881015,2,4,0,18.549184461663927,Medium
369.669315798699,2020.9347926441003,6.911132642589208,26.441694161782713,3,3,0,23.38116859188563,Low
443.7694289282353,2165.5238775866396,16.762379912630326,5.019611508904337,5,5,0,37.05432638985555,Medium
460.92331266111984,787.4704698415393,2.686099111924616,52.200437329698616,5,3,0,11.72059084006504,Low
254.2982979656341,1411.3273453794145,17.947242199372383,38.02277784542011,2,2,1,20.753477666615943,High
262.5361817965817,1053.17336805101,6.824251099647873,31.77504958789464,5,4,0,8.355050154353934,Low
400.93585332809903,2170.8506681618414,11.67794826999398,10.003168255259721,3,3,0,33.41085283303753,Medium
160.65309241337962,224.50105633684032,17.42232116670048,34.60238784734953,5,4,1,7.255270907627124,Medium
419.50426936080896,918.9773131679497,1.036818906821546,77.07402075568675,3,4,0,13.965263904874902,Medium
249.6001150261246,1928.675117069375,16.61155853265343,37.259765153131774,4,5,0,20.97276918839287,Medium
62.34907854595785,639.2318569478036,10.220604936378178,6.9099489878293365,1,2,0,2.1557972090098567,Medium
40.66927780110713,1737.3884143927426,12.679143821594142,39.343506417621256,2,1,0,2.4085641841740535,Medium
421.78663946453423,854.4672948609574,2.6853153099542704,37.544592492733024,4,3,0,11.889499182687292,Medium
32.506118868904565,2156.353216960545,9.60097375495858,49.07837113061895,5,4,1,2.6396529130420716,Medium
143.90266088615968,1946.0950434036824,12.123246865054387,36.783879318281436,1,5,0,11.853867425569547,Medium
170.3943700482652,676.8783797045014,8.212451532978273,12.675243170468452,1,2,0,6.191342766876858,Low
90.63225036983893,1699.0209875125242,2.789733205909021,30.495313173993797,4,4,0,3.910015700436066,Low
160.37721805198467,754.3472655565257,4.394143351540379,23.479479359158542,3,5,0,6.035053789711691,Medium
372.6328205289174,1341.8709916698665,15.379070237882974,33.288978119738886,5,5,0,23.311850482147435,Medium
12.26800756223503,1455.4880750973764,0.6204778709897301,59.56892098365525,1,5,0,1.0631947184067334,Medium
414.4508451377398,1828.5179918068368,12.759517411934624,16.67711418828206,2,5,1,34.592295883051904,High
428.9912716694063,73.30283312279244,17.989020657261484,93.33763733341709,1,4,0,23.321604026219823,High
189.26947872981634,499.9442027120133,0.13469392992179907,39.159329220100695,4,2,0,4.167086395385104,Low
81.03838503501423,1571.9808270831015,2.8988222907589183,52.40765269312462,5,3,0,2.6281113664159608,Low
302.41600193281505,1248.4806565935914,12.13459741607642,47.5962371793593,1,4,0,25.20099693230226,Medium
64.2379151531227,1100.419070478492,1.0798350225362687,38.026012200568125,2,2,1,2.471556062389857,Medium
185.635083733735,140.3577056233974,10.61621970940546,43.21930658375491,5,4,0,5.175610900945106,Medium
479.42244454598136,779.2414259459746,12.31200186409901,0.26434914083848665,1,3,0,22.40525892098848,Medium
497.75491392890035,1905.9185055652133,10.586634266053263,47.53318996010974,5,4,0,30.93268230239257,Low
387.1919212205199,87.34638473855016,6.57332465437921,13.592909065659837,5,3,0,8.16260244938547,Low
158.9259474107793,884.2309930952904,12.551081327759501,27.678703786852953,1,4,0,9.634620880984558,Medium
345.3941993372158,2080.4232671222844,10.697299704248769,37.83296635559457,1,1,0,28.906444096278772,Medium
354.1761509145863,130.92000130813187,3.737469097690555,61.40601464450399,4,4,0,8.598493385190768,Low
196.9816391060066,1654.3585372773082,10.136439784531976,13.596596450896328,1,5,0,16.475153747334932,Medium
322.2398741201489,581.5955032768395,15.874329908500695,20.22249031850655,3,5,0,16.61524119465716,Medium
10.31018426295974,1909.207254095006,12.002999142428099,22.520111469963428,1,5,0,0.8462403029313563,Medium
108.48354100810953,1646.428194131416,8.492247133089249,33.5905497981252,3,2,0,5.058479058186102,Medium
264.9187099687943,1950.837272471231,5.788513851650121,23.64941468872429,2,1,1,18.75044345303428,Medium
86.05689560785646,490.71604314015985,1.5459517698763114,43.358080702116176,4,4,0,1.6989720939149051,Low
87.12389959888415,1178.2182055045587,4.403288389662516,5.250103375951891,5,1,0,2.0751400937403193,Low
418.97062382236777,1718.8084769930656,0.201361555563784,26.010254227455935,3,2,0,14.692098051286738,Low
494.6208363283847,555.6254397290586,17.759266515449358,82.16993162007068,4,4,0,23.14982126742021,Medium
280.204866874082,523.0269454825329,4.004680538317319,23.6992742033803,4,3,0,7.432883847009103,Low
420.33951678644814,79.25705102473535,14.667766968336707,39.26619842104731,5,4,0,11.920451477133247,Medium
495.2092238415049,2109.563340866486,3.035607872489615,55.05322252303938,2,4,0,41.19749026026285,Medium
75.08996484154348,1567.836798519079,5.104820692900331,38.348875519093795,2,1,0,2.591677663919744,Low
226.8815785609038,1405.521571742203,7.528991746110601,98.86218936535232,2,4,0,15.953710948145874,Medium
199.32349434175035,1641.9084954750801,5.839301954548892,31.037429130157083,4,3,0,8.454281419884156,Low
44.62439540486159,1178.9161627560577,14.3703146296775,44.90629979190378,5,3,0,1.90289197482257,Medium
378.88843553339854,1057.9717299770946,17.238481344277616,34.62614998507665,2,3,0,24.996564494778085,Medium
219.72061852468354,999.9802856492755,15.755300705715273,71.3618684397519,1,3,0,17.01955060017262,High
237.31683242424864,1416.157482385938,2.764401605059618,21.03728841065838,4,3,0,8.157616576935649,Low
79.58312203755389,459.34624635539535,13.980396174287225,104.12610800217449,3,2,0,3.008306005009315,Medium
94.55869285427973,1955.967955132416,2.663044439484806,17.032094397012845,2,2,0,4.565258889924978,Medium
454.0162929673264,1789.620169257998,16.440859918117823,87.4183769756149,1,1,0,37.7648454207077,Medium
27.101299042268046,782.0486729654338,9.321814362034411,12.210724281953325,5,2,0,0.8704207534783952,Low
120.2618810471346,1281.368267051303,6.054859585020721,45.93224198042281,5,2,0,3.7459947628142487,Low
149.56936850569153,327.4395138910319,2.8264589520154706,29.036418786980907,4,3,0,3.463795565370491,Low
247.64778348878528,2139.7148204952437,0.21256358722208302,54.27055705232834,3,5,0,18.095540912069783,Medium
295.290360642324,1988.306059034018,4.463045849895925,39.96525179354872,2,1,0,14.073935781241806,Medium
249.17853804607995,2029.736564168257,16.452361139063616,52.258996855501,3,2,1,21.097701392260582,High
46.6370906056566,744.1154439935245,14.350719460900095,11.824339910750338,1,1,0,1.6760822448832118,Medium
125.61538975757821,388.71366209462553,17.45628673951295,6.347605037918624,2,5,0,6.924944971483856,Medium
422.5762504574579,481.66331635655655,1.8137073801847148,10.11007217149162,3,4,0,11.605317061919413,Low
320.60640673683724,216.2030324782959,10.65921738310205,9.868807059662437,3,2,0,8.563995122542407,Low
326.32877981646584,281.84117362101784,4.628708532553979,11.69273669579267,1,3,0,9.53800794468328,Low
336.7506113989207,175.44388452296295,9.772950703903334,18.015430953786023,5,4,0,9.130640642558262,Low
382.63699442456686,2177.814290866624,5.768187940142193,17.88189965406725,2,5,0,31.970835255156274,Medium
33.76369845211643,181.44574974458044,5.102379904380435,29.561042747703674,3,3,0,0.9589842050061601,Low
186.47115054164314,308.9417364740817,10.329215436442755,14.473628788411194,3,2,0,5.406588923794318,Low
272.06608045453095,1823.4150183878055,3.2997269136517255,15.501728190635042,3,4,1,22.569699910787918,Medium
172.5359592321764,1284.923672499616,8.444401865498103,24.838128750621557,5,4,0,6.5899450515837925,Low
423.0170422771573,1708.2295059611447,11.714620770792626,59.45660989415184,4,4,0,29.799336287940733,Medium
243.8733917507105,1395.3881769443879,2.307277317290473,20.746072620641975,5,1,0,6.146945041349323,Low
385.47065678239267,1943.1416533171068,16.75069687578427,28.093993776691445,2,4,0,31.82476922707898,Medium
426.7476808561787,1411.8592105271346,9.103044590174246,31.66818355375653,2,1,0,17.6704196841109,Low
254.87178403723155,1158.232702528869,14.751503493918161,12.963420660323685,3,5,1,21.323314686449958,High
455.2283607163182,1573.7943323996333,11.77029775117914,22.414499029742252,3,5,0,37.88028286495214,Medium
295.6263505658054,995.3161989067986,12.780016942005819,16.57978388150369,2,3,0,14.348915803660619,Medium
425.8857779226923,774.4191339323216,12.890356937871084,55.646885027148464,3,4,0,19.90763313212798,Medium
173.5924438178045,1039.4823463414632,15.751798147106507,52.53395351783399,1,1,0,8.762188644559977,Medium
251.9143944730852,389.97674911486223,11.044897830844635,15.176242685280782,3,5,0,9.638046798478772,Medium
268.048465297266,1756.5263709698672,5.007908730985013,27.68429471855637,4,2,1,13.784089744481687,Medium
56.964959368554936,588.3342433123593,1.7911735715782289,44.931300346866166,3,2,0,1.062160071670505,Low
202.28349081726262,354.69877101476345,10.912511150102546,36.86751088936633,5,4,0,5.977930617091132,Low
459.08214791307967,557.0478870874344,1.194350467870459,39.782822242739805,5,5,0,11.794779550355779,Low
317.2619589805475,1855.7129308634826,4.343282130411543,13.034890300475446,5,3,0,12.009353480236145,Low
92.8657583062989,739.8388244030543,1.0927293228344108,85.3124360186733,1,3,0,2.9748383020411406,Medium
172.73353962675446,1515.5887155228625,9.879976602118207,17.722945106563202,5,3,0,7.113485630392619,Medium
99.84348978303642,1886.9729948295117,2.8860862489716244,17.302664156553003,2,2,0,4.358394557862785,Low
17.287450240293406,189.48337389659181,10.987331749802518,8.97017523057382,3,3,0,0.1649690673104074,Low
464.09292695949324,1687.7532032881336,14.235572355538817,25.69283871839746,3,5,0,38.701081008277036,Medium
226.86262748715137,690.7107167062854,14.793852973893522,63.78370017566047,2,2,1,13.449522410045288,Medium
157.22986084828915,492.23675392121305,5.571783146477294,36.59743113810913,5,4,0,3.8588583499925835,Low
301.2462098210796,1521.8051663474794,9.881181588500928,27.27452555731766,4,4,0,15.88492719189761,Medium
8.620655865042739,2003.3566375584496,10.13419368155446,49.910208405059315,5,5,0,0.31461720699058165,Medium
142.62094276740285,663.1418749930219,8.511969278774998,62.71254979289607,5,4,0,4.223819554700277,Medium
353.00156552095183,1260.0576957378155,11.792050045645768,52.45310835513939,3,5,0,25.408177904098736,Medium
318.7160376692852,651.8383681918915,3.781568228823604,4.516851527155314,4,4,0,9.05904110482608,Low
490.99394403355507,1228.342576883613,17.626378312562295,50.20862998095072,3,5,0,41.17525567619889,Medium
312.0770662807318,1375.6592268264624,1.7654368876367839,40.919040476037125,3,4,0,12.768370935436394,Low
241.36540744572773,1350.531147562592,14.925980541656145,14.886807280903707,4,5,0,17.16158647453902,Medium
381.9091187760838,1379.331085821186,10.69372776512138,41.04093483814767,4,5,0,22.538810970437623,Medium
452.1472966222063,314.4739470342025,4.4073854494868865,63.87076373744928,5,5,0,12.290383993151902,Low
361.744493625584,1531.9182236990487,13.422150011885396,18.380536447734283,4,3,0,19.239838838205905,Medium
481.7895556569429,1490.9557769088867,1.5206561221872952,55.04901717136648,4,4,0,18.767705164928287,Low
392.09255951539774,1508.0421064328052,13.939521020078097,37.18590648701066,5,5,0,26.1341444034919,Medium
434.0667119396536,181.4738049703798,10.619734000374244,0.739917310768249,1,2,0,12.900245974890781,Low
61.48151523590041,994.1086764628527,1.9935057311352287,28.833875778687556,4,1,0,1.377587182211369,Low
367.5446839819249,911.6965878596908,1.431100135662664,36.11629418684446,2,5,0,15.025556274675354,Medium
222.84390626604747,209.0310343421741,13.515054001856324,23.131329003367636,3,4,0,7.422587711427257,Medium
278.78638219358123,504.76208281504734,5.272846317069069,38.19974468558904,4,3,0,7.095291665153226,Low
328.7806926937666,981.2985373197201,16.00743331380984,26.51758400410608,2,4,0,22.879296630339468,Medium
485.05848276925684,1639.5357554906193,13.717314378543168,118.06893408236701,5,1,0,21.143963320054223,Medium
492.3661503086542,536.7953278265658,12.567424404918889,21.85051359593984,3,3,0,16.810563973402967,Medium
147.67298151651312,1828.8548040723072,5.014908947402117,15.262854368275931,2,2,0,7.47205497729887,Low
368.2079812317685,1209.8402629120303,12.761001342389122,53.14448846285928,2,2,0,18.747972186988417,Medium
376.24185127795795,1677.7192737024661,17.066658321267013,24.139455471888034,3,5,0,31.27712737362106,Medium
176.51396634995916,1050.1720436743485,1.6480770186702405,27.630265511346224,5,3,0,4.422362768109636,Low
66.31553855778941,1108.2434114204468,5.8709275560641885,25.839926392697272,1,1,0,2.751723296966306,Low
25.26874534143128,1370.9882688476157,4.224100778308695,51.12770356664231,3,2,0,0.8862039961493403,Low
389.78484812694336,2042.9759258014967,7.0785024192120005,11.609215442790427,5,2,0,16.055557072864353,Low
247.4013721993684,1092.1514274801436,13.361987787371035,54.972965552042304,3,5,0,17.426043144458113,Medium
492.8423838999885,1172.4734330760743,8.536366465656958,43.339739014044504,3,2,0,18.061308159335137,Low
235.16186081585826,1332.3533804900144,10.273150910164434,93.53139560291766,2,2,0,12.214500641910352,Medium
489.0689046415509,1627.7829993090422,5.654787985410162,34.080966477402924,1,2,0,26.050800522198383,Medium
208.73012108605963,176.6337313599908,2.5432068075678096,12.412948892855624,4,1,0,4.356796434386814,Low
397.87266452718643,1144.1986159778992,4.804805680879113,34.35916119472538,5,4,0,12.566628880451859,Low
46.98553979435687,1069.8696644691747,15.474245422355766,37.555663498421104,3,3,0,2.5418826858041337,Low
279.95354651819315,2029.2732656379035,10.843505318761387,67.6442496316069,3,3,0,23.305219248904702,Medium
402.0195945579335,1095.8443453512236,6.803796117550207,12.38437702065449,1,2,1,22.012958181175613,Medium
462.7273252738449,1040.9387656336417,14.218307671240577,6.916805104289024,5,4,1,26.53905956206349,Medium
412.1786298556286,2117.5959750056504,1.1602337841883577,34.89184761837011,5,1,0,12.888879629440257,Low
23.30050996458124,1002.2566906499218,4.570039582602942,96.21812629461483,5,5,0,0.7542390601566449,Medium
189.48765894683342,414.32805810215694,4.1418567730321065,47.90667608300496,2,3,0,5.377049920952586,Low
29.10574379535638,492.87714771661854,17.736562119027997,49.87139480150809,4,2,0,0.8841062364911518,Low
59.094734101706216,227.5088335746036,12.709774483069685,8.734991087730222,3,3,0,1.7805126821551875,Low
339.2762861904046,21.2385217844989,11.120146854993974,30.739514412081267,2,5,0,12.242312764272716,Medium
358.0628071742906,961.6415409810506,0.08972937530051217,68.51174300028566,2,1,0,10.10268427112459,Low
387.991737962055,1696.9488272301228,3.3175800376174327,37.88160739940412,2,3,0,19.57132859092908,Low
433.4009912875531,1618.9568453036422,11.43974327351541,6.417271995165664,3,3,0,25.192593876781952,Low
371.0185768958724,90.08501141021343,6.834947876669983,30.277639111883946,1,5,0,13.455738390082942,Medium
401.43143809278286,1262.5627298349918,16.637046906223095,45.57471044242351,4,3,0,21.611793661874888,Medium
29.237036362523227,356.33721340137765,13.765035944551643,27.81928297295115,3,4,1,1.831159485400697,Medium
121.09489946844279,2071.5463007870403,8.052913310474159,13.835176680891887,5,4,0,6.8400309437762,Low
312.8393978207466,384.85569922431085,13.491269595688868,54.27222058481755,2,5,0,15.653330403401236,Medium
429.77202578928745,1386.0734945805098,17.55727782887199,21.148013431139592,1,2,0,35.95834496454008,Medium
7.227561845131266,731.1996295176438,8.297654844626472,40.53456525266343,2,4,0,0.15,Medium
259.74152434759316,1418.6036906022878,11.5654659819936,29.668139096705442,5,2,0,9.577300703751433,Low
340.2572626853766,918.7237402916838,16.535963071103314,20.494999804317196,2,5,0,28.47144130368097,Medium
19.65560811866354,1676.0218540279404,4.476143916651119,103.38148576263069,4,5,1,1.8918324068295282,High
203.67100098892703,522.8804932147301,15.95804244599301,18.634506829404373,5,2,0,6.0456321489402765,Low
448.3392662849299,1994.6262393530872,1.7558047219136879,31.588384298432768,2,3,0,25.197286940381936,Low
337.4483403836501,1110.4570355031076,11.672067070577636,29.59669375299322,4,5,0,17.431745067931754,Medium
122.64088986349567,1668.2830620140192,14.091086791004118,34.248563841819724,2,1,1,10.047540091549893,Medium
427.1266591677968,1872.411817254675,11.06291194654367,98.36988406843781,2,4,0,36.01588534679974,Medium
177.2755545877096,2197.4463718814745,8.919626474745774,45.61626639985312,2,5,1,14.467623759204738,High
427.4056122163094,508.20155099482895,11.112247798662349,20.332033467424086,4,5,0,15.319742922428343,Medium
152.97710730385825,645.4254615683316,2.7299467580300023,78.75324650177912,5,1,0,3.4356116586341314,Low
297.20852418715873,565.9441290755163,3.88027278594393,51.28927110033665,2,4,0,10.392593135426747,Medium
201.48533353517786,593.0595041083261,4.858188191214156,20.663386604084238,2,4,0,6.8940216349314145,Low
141.03840012375818,1289.7295365558427,10.760028131340686,70.81616830824508,5,1,0,4.6971648631006895,Low
443.8459932750753,2185.8791004579375,7.954219327411269,8.636533958834502,3,4,1,36.588005560761886,Medium
97.85887256004821,2178.806229862205,4.400565164745112,11.16053653207124,3,4,0,6.938678378891795,Medium
46.98173766170273,1168.3656443698308,15.890567978602443,5.94902587303248,4,5,0,2.6234288121098,Medium
174.25383458010188,1413.0793183769888,6.730593125278022,3.313675811334798,1,1,0,7.219605259327577,Medium
360.23137808257593,1894.735785269501,8.028570946138041,67.43457765875125,5,5,1,29.709835241563525,Medium
404.67864495825944,2053.7949394286416,7.374619377881903,34.57062203119298,2,3,1,33.467656643981755,Medium
499.3779681830486,464.41616757840575,3.2749731949815475,6.590279785901526,4,2,0,11.337690530226833,Low
151.69921822052663,1172.2209690945472,13.1692862777442,29.007055233861323,3,2,0,6.6770744314094355,Low
206.93126580998467,1835.5847791620968,8.072248720839443,56.234158153289904,4,4,1,17.212478529186214,Medium
72.72653262466501,680.9805270634098,0.29262797806893204,15.917477054573334,4,5,0,2.1796739859438543,Low
289.5616051634016,978.7837126074174,17.352246642476345,23.135105333411634,1,2,0,17.52181720388062,Medium
498.802118445144,2168.6540012961773,14.683745008717446,106.60346781969517,1,5,0,41.5237578318735,High
351.936100009726,2167.401798851499,13.024068373652458,24.870368714656486,5,4,0,29.10906723756658,Medium
299.630356004619,1995.312847468096,15.643653669333522,7.202153181455943,3,1,0,19.92340408857157,Low
199.22270099628804,1760.6173917251656,16.322530564899903,19.309084552613406,2,3,0,16.724510887845685,Medium
458.0728863413496,606.7044915757166,6.074814714919896,6.096610387203035,1,5,0,20.23556156974447,Medium
250.97371508452298,719.4531614664687,10.997256211500575,48.2994954314034,1,1,0,9.162736651491468,Medium
71.51162208996544,1213.0765938266268,10.958540565700694,13.97915768448119,5,1,0,1.8639610510975615,Low
185.86233928357106,1242.4946765451864,4.811394038590746,13.577102050222067,5,1,0,4.869242303576982,Low
38.247501079644614,1121.996146198406,3.9951405260472095,113.02364638561149,2,3,0,1.6214393870280486,Medium
104.97962365594687,1407.9412102175472,2.0503305867423975,10.00089489283265,2,1,0,3.2351472283967038,Low
13.74604659495654,910.1441893399156,11.86765552649615,8.275605138020586,3,5,0,0.6457188409066645,Medium
229.37355866758088,1653.1996629478617,14.056541838554038,11.727347663986917,1,1,0,15.2558793178034,Medium
319.0974311511396,747.1388397228146,13.697153631306069,57.465433341905914,3,1,0,10.780560292110689,Medium
174.92976887755935,740.8758533430486,5.692956789329538,43.868329508036915,4,2,0,4.362532112130385,Low
213.08897689511218,297.35259692418504,3.69467730837364,19.097209226895718,5,4,0,4.822467544916606,Low
479.8085900580651,431.39261786304394,8.165055212183194,17.639785518140393,2,5,0,18.781794672305963,Medium
377.2217451795832,1874.1355160485596,9.842642284329191,41.46943176042397,1,2,0,31.75641392339504,Medium
272.72403528775084,992.8954981053625,16.543568303434004,35.56573335678669,1,3,0,20.043540141187062,Medium
145.8477331803535,516.7517746851777,15.746816776932974,26.18095388535201,2,4,0,6.852731364323665,Medium
449.0134153926326,1675.3635980488045,16.489049963432898,44.96633698172771,4,4,0,37.68805403380322,Medium
121.37307285592644,1227.6788542807535,15.304722932447634,10.985546885623227,1,1,0,6.6886461891201865,Medium
166.04465160575515,66.1201049027798,17.362461679853602,14.1973127171692,4,5,0,5.851112286038262,Medium
454.9870831393595,709.6679769940391,8.378999949043035,46.66967080872068,3,5,0,18.685827176163162,Medium
267.1233173661108,405.8630762445235,0.8545229537956986,37.74628714424959,4,4,0,6.623899429965997,Low
372.4473849618985,1449.8028369425924,1.5041165786726083,30.60283864101646,3,3,0,13.729935045912766,Low
297.4186731110642,619.5676685739512,7.024970551902177,110.38721073197,1,2,1,15.05715342298679,Medium
328.4524084597001,161.58397867767712,4.638367642913951,52.19094972425606,1,5,0,11.615318542504983,Medium
153.19472929983866,139.75827645091897,3.0589306444992115,19.58834645281447,3,5,0,4.57246574754763,Low
124.47917050519814,1288.1655095499984,17.157667941155673,15.347949861703258,3,3,0,7.352426508876066,Medium
164.6337118484893,67.35713343491537,3.5175525913912042,39.08159347602097,5,4,0,3.612929486767257,Low
81.94357422129413,1870.3668066366733,17.26882690167416,67.29098128468581,5,2,0,5.149736807452158,Medium
437.7856108189497,358.76571998086087,13.695099125781727,5.088682478118547,1,4,0,20.137850269158385,Medium
145.20723195880646,1342.314610726037,11.537022098254022,37.0205930774897,2,1,0,6.624718163294226,Low
282.93725023512036,989.4199010634256,12.16834128160881,22.821251099981236,2,5,0,19.082660463721968,Medium
397.02734044498015,985.4163162855475,5.966537825864232,34.562304055802485,1,3,0,16.700177730164054,Medium
392.9929341409782,176.5177703449,11.635686685049079,7.667129011392962,1,3,0,13.751480974842726,Medium
222.00119799917547,1769.99990546263,3.3604581290627755,67.25783642153834,1,1,0,10.582677148378366,Medium
240.7473677504292,1966.8544167620908,16.87869778564763,79.90783518630033,3,3,0,19.72803376881318,Medium
497.3773657228373,44.01633489761805,5.4322801192906836,48.85517085646511,1,1,1,14.357482254243354,Medium
338.9257511046169,409.35710301971665,4.593357221283759,90.90223298042159,1,5,0,14.585847307355342,Medium
408.24602934335195,1990.511131574144,12.800930367494836,21.897484364124345,1,4,0,33.98448258508348,Medium
451.7642147635198,1217.8960759041267,11.816076925191274,36.3714868556555,4,3,0,18.822636362603834,Medium
394.8569689335229,347.0862805810981,8.123380530179494,49.373070348710186,4,5,0,12.697386539661979,Low
96.66377575201595,462.0831866879663,11.384032224434154,39.46254270193922,5,5,0,3.313494156722954,Low
283.2745132000982,1458.770012436909,2.870875291695411,24.26542104080443,1,1,0,10.529102584362406,Low
55.437607870699715,1600.1006724981833,12.119909533235191,26.40717186622043,2,1,0,2.5228770525975577,Low
328.1964526491792,1326.7504427042588,4.87099251351349,75.06833091451475,3,2,1,16.4119513877569,Medium
477.89796695296644,2097.863468209306,4.911047580176231,29.416044826493597,4,1,0,18.886152606187796,Low
258.8023718285551,1097.058655982674,2.9192388289881226,64.66418790090748,1,3,0,10.832282878053313,Medium
219.32138396954474,674.5927684707082,5.982788430650963,28.236224194469706,2,3,0,7.219641233827662,Low
22.742161951990774,1060.3677437472363,5.9625190856039065,64.39823148324251,3,3,0,0.9124755984238051,Medium
480.0883885529641,804.0725201932119,8.175222210640847,31.89969660523305,1,1,0,15.951228159535821,Low
55.986328644428596,509.22664603081614,3.427551083994291,46.49039702911598,2,5,0,2.0800763073392887,Medium
25.334151185899234,120.19988356150535,3.474135650857794,17.074612763518278,4,5,0,0.3828934872892306,Low
126.80297269494454,787.8232359719707,9.75129428993811,36.31260789778523,3,3,1,6.053306980059455,Medium
37.4375647895993,1570.8723780072382,2.3197932840685525,17.294896317605534,3,1,0,0.9414834414315874,Low
230.28333199382237,60.19441026792251,12.400146143799033,21.455400985595908,3,2,1,7.261232296202181,Medium
260.46346162227064,977.4091587889377,16.99104826552674,22.91652605597922,5,4,0,12.073864733766136,Low
159.72212476914905,1423.9404951607132,7.682321189958808,26.048657066999443,3,4,0,8.208220412105705,Medium
30.2254388745686,1350.6809579999897,16.21989563671218,59.35291913791653,3,2,0,1.7670153727569384,Medium
60.242182283367214,1713.0935902374006,1.76969864026556,20.776936598944804,5,5,0,2.0950209544856007,Low
195.3296671050144,1786.9329801383585,0.7732372927616022,33.57678796810501,1,5,1,16.15807190704699,Medium
34.96158315913539,1571.5186896042655,12.98463979524912,64.53996899258405,1,3,1,3.0057076870021513,High
350.60391417690715,244.09897759555375,13.698388313666937,45.799639630681035,3,2,0,10.49236001443546,Low
107.47516805478193,1055.5489279295064,15.175048337383524,5.214543717400442,2,3,0,5.509227621977799,Medium
154.52542654790105,1335.4249873229867,1.0227182111996656,7.448306497148077,2,1,1,5.896046583474442,Medium
200.09225970315825,555.3339646046045,13.984326989222948,40.00488552827746,1,3,1,14.214180311476381,Medium
211.22176836922822,112.76296246997279,6.777697190338472,19.912237529410508,5,1,0,4.410573745767702,Low
5.822050299026263,507.4268995097823,5.460077388279575,6.386969940626851,4,1,0,0.15,Low
60.474833644355286,1011.6697957771527,3.1144305841793445,18.711881325634966,4,3,0,1.2993098092773625,Low
432.06845905173464,922.3680955390299,17.928283591845485,41.106845825370485,1,3,1,35.80635077061685,High
5.610365943394527,405.13401929321236,1.1459446077395452,22.70951885046418,2,5,0,0.15,Low
256.5428411273732,1817.2258830500143,14.88614426294399,31.170776966694987,4,3,0,18.597313464942076,Medium
247.303493221068,2037.9969378460596,11.510899838829495,24.396107302781793,3,5,0,20.065277117409938,High
169.88160970026573,458.93933553491917,13.231447996713609,16.548495726479526,4,5,0,6.393066176273534,Medium
218.50687497249257,2046.4689559365431,12.810908158592335,35.7897091850711,4,2,0,14.062463068284298,Medium
391.38766307565925,58.936891001894196,15.451820731317286,5.661067137998256,3,5,0,14.721915576253679,Medium
421.39583457640344,2036.418190501141,3.3082572574099496,14.76276383986987,4,3,0,19.102367579708876,Low
133.87252899054877,2095.204762376379,0.014843103024336779,52.05227144513199,2,3,1,10.827684415835513,Medium
164.63276827902627,46.27306137471694,10.773512802778791,7.701145916307735,1,1,0,4.0958330246526,Low
125.0290122490247,1683.3820669733109,6.369455507820011,29.985415147765657,5,2,0,4.596206152912746,Low
242.53238327277725,2135.0394282022585,2.2281719601084786,21.27425213912293,1,3,0,18.0798178898362,Medium
343.2128870411124,1994.8668370227567,3.350497573876299,19.633047245758462,2,2,0,17.216556423695014,Low
117.98517335439317,2136.1481514077445,5.971487624266012,55.56716633461651,1,3,0,9.608467213911366,Medium
168.714192317159,1219.7052424208537,1.264200675960658,63.26163183605786,2,1,0,5.193597562568803,Low
465.5403857066295,190.38038495014644,1.0244376383121154,11.699701354118613,2,2,0,10.355136199297032,Low
29.041798474244246,1872.5404512149787,16.488472586983995,26.217888068019363,1,4,0,2.657523962634817,High
233.0809545935853,1358.1455976636453,5.617849488366532,4.049180045922253,3,4,0,10.721788741997592,Low
357.221230590405,1360.12610233047,17.68015255452453,53.39465357773523,5,5,0,27.793645504625694,Medium
79.47473572094967,929.612869491936,17.3586061499472,28.791467519776106,1,5,1,6.495905366320163,High
28.450139902713516,1266.6155088160178,2.5662830818880487,7.154214644154591,5,5,0,0.46623664703242906,Low
73.41165896107272,354.80391840772967,12.868637452131436,15.411126567416384,3,1,0,1.6460704279683342,Low
459.817480797688,1632.6986579142076,10.814488004287245,10.72590860849119,3,4,0,31.59283914327171,Medium
9.58359200145609,183.53773002636228,12.431647315892764,14.632605352966157,3,2,0,0.15,Low
98.21937753161916,1610.9220721554666,1.731438000260546,4.545525879123726,2,2,0,3.6250289905854776,Low
20.485338886314054,1870.7729613221818,3.3940814154220447,74.52688065894684,1,2,0,1.358642926871386,Medium
59.76158644329062,1049.9817170905842,1.379495906115867,12.126856449283062,3,3,0,2.1000785916305884,Low
311.9738968810067,1131.4301980043676,10.874415693907281,29.930348557992176,5,1,0,8.979718884574018,Low
124.61125982584745,700.6271149701306,17.75863936528364,40.833757586006335,3,3,0,5.693314570261978,Medium
286.75996496318504,2133.419712521781,12.095721677842945,63.32353749433157,3,1,0,19.526463667421265,Low
297.14671446923245,1618.2113545398088,12.793707630394733,30.7303698998073,4,3,0,16.208786274959753,Medium
425.4704898794406,824.395046194752,17.72253074777906,24.097498204690094,2,4,1,35.34111031596146,High
7.346989491377591,401.080101987951,12.20420797509233,31.725363311663397,1,1,0,0.32019759677641957,Medium
427.41788237447156,498.6835110005591,0.7232683073124659,11.636832899274388,3,1,0,9.257082300129149,Low
311.46394778135215,1031.350583719909,15.606100815418756,12.55015552775902,5,5,0,15.891995807287005,Medium
85.558025621954,2074.7991126852567,6.564209226818333,23.648150219256507,2,4,0,7.217605231823253,Medium
387.6040071269656,1620.4390337588013,0.07854518726487658,2.7860156525605175,5,2,0,10.882632707732034,Low
428.4683131863399,489.2313710305466,9.13021519609477,16.85783597425244,5,5,1,16.70653193180006,Medium
130.86042445830788,1893.8432708531977,16.866270015772745,20.203844470818545,2,2,0,11.010066829531711,Medium
459.802872046827,844.4771401611048,4.631952369509698,100.06746359585303,3,5,0,19.342576133060717,Medium
229.95642799783562,1876.7543584004907,8.847237114951119,68.97860337111584,4,1,0,9.947540584741985,Low
303.69510489499413,546.9051235988654,3.127983980083034,40.725918648937046,3,4,0,9.177177003219647,Low
492.40151914073357,1368.6801340211723,1.0384680899959218,54.33013985469356,4,1,0,13.339860660122506,Low
183.96035892640367,2040.1416640171947,1.4498090408360373,12.450809771567606,5,1,0,6.093829498996861,Low
407.51387618095583,582.2089399421913,13.086196307304398,32.377224640495,4,3,0,13.733694602196959,Medium
162.6075633250875,1530.5799674771638,15.553340473358682,49.71727820079576,5,1,0,6.7672034588326255,Medium
400.61069350953807,2172.3415115065736,2.57937910654484,12.557265184414968,5,3,0,16.726909466095922,Low
302.36328983700804,348.30426618974764,5.189734220588437,7.471607402426521,5,2,0,6.801289350774094,Low
112.0960691365737,212.7169937274702,3.5105304176068914,37.651424381781986,5,1,0,1.8695392325509939,Low
209.942916425672,1489.7455195296993,0.4834039846757028,8.3902360336088,2,5,0,10.77417822225721,Medium
162.22963900996302,760.6243660928862,9.961764657965706,43.45805294148549,1,5,0,9.824657721555155,Medium
43.66365457478012,175.31296065916865,12.598599062477657,62.58277881769071,1,5,0,2.0522246847827432,Medium
19.768211199350255,1056.166246986257,11.661794655931269,12.935164017616156,2,1,0,0.8450407763872556,Low
176.50693442655455,1663.2200816238235,6.984963851440457,13.876301071923077,4,2,1,9.3125914726607,Medium
14.421903169655858,641.5668329051115,9.990184426918296,61.32600914720153,3,2,0,0.22620002090680869,Low
86.91644000297865,750.4021929611937,1.6937875194520442,30.85761471685463,3,2,0,2.1381397250909937,Low
363.96574382118007,1863.6246934103992,2.7774669370083203,55.79932995972411,1,3,1,30.34998506626527,High
355.505161663376,1153.756768730044,16.7723031519537,24.35312197659585,4,3,0,17.383057260340795,Low
370.5972912964044,1857.155691998109,13.707139460758142,25.84001397755378,2,3,0,31.05391402028074,Medium
161.9908197093395,993.1290928732867,16.609303724853014,30.24641718994507,4,2,0,7.096203005428641,Low
445.55963127325924,2097.4858522010254,16.50024512098861,86.8316419602893,1,5,0,37.21383341447678,High
298.9461212740816,1438.7322055846662,11.689067107939332,52.80691340436386,2,5,1,24.765137485207667,High
67.38303916458014,272.6595263959638,16.708295666018973,16.375020852449982,1,2,0,2.3406040016106706,Medium
76.1407374204894,1949.5027143344255,7.5006738554843375,34.157810713846274,2,2,1,6.28001066899033,Medium
348.08223633020225,1086.5981160111392,0.06509240612893685,23.003894919358423,5,3,0,8.714968623949986,Low
90.60724853882864,328.77295018093287,1.1262800852308688,19.632749153567676,3,2,0,2.118075310045986,Low
256.10988728311145,352.86449177429716,1.9707718626146737,42.58897662997475,3,5,0,7.64497471354337,Medium
495.9283655847118,1518.8239785395206,1.7163621572914847,36.54724678491744,2,3,0,20.965687623056393,Medium
6.983764343003052,123.27206467028773,6.3306430353047425,13.074454900798148,2,1,0,0.5595343485360376,Low
13.207001939290677,644.7744075121129,12.622874527968438,30.30436939901794,4,1,0,0.21934961313386772,Low
496.57686805560076,324.7369472243125,14.23167851880891,19.12795312874357,5,1,0,11.905840358226248,Low
294.3962228964119,981.5487965656797,10.623838938203244,40.67069283289615,4,2,0,9.800310201607942,Low
67.82043788166399,923.2912229477076,2.635851142025632,18.417522176061496,4,2,0,1.9127881908790632,Low
449.16458887827633,1157.690627621706,13.462228838667155,25.964667261520788,3,5,1,37.68589771083167,High
440.7882485632076,629.6071974435159,6.386434544476781,20.087354699658643,1,5,0,20.31103546318181,Medium
270.41920449013077,89.85502484442628,0.23388027609233242,5.432717202265926,4,1,0,5.151954413722284,Low
312.7870547810745,1359.3617122467049,5.050595169589489,83.97370943498936,5,5,0,13.347410294396605,Medium
140.2276597929338,834.705246283526,5.950809974537602,30.049967832642203,3,3,0,4.71058539472944,Low
30.00724970414255,1439.9102972533012,4.936419633925852,85.92573252158475,1,2,1,2.4766755816579846,High
299.31096640097786,256.8939963533052,14.613662757376542,31.096606635650367,4,3,0,9.40665190538167,Medium
150.90382063536768,50.03463454102972,13.678675156693625,48.146153032979385,5,3,0,3.5957251330885818,Low
333.4924180968742,561.2814603899382,12.519936547427546,17.33239104449493,2,1,0,10.243444265773855,Low
418.9413625370876,1015.2731641270339,2.502091413220775,17.708357307018748,1,5,0,20.35939359648836,Medium
13.989469237610209,879.0769036872587,14.541010374713077,28.779725204630836,4,1,1,0.15,Medium
299.87831846943504,1786.4595704961566,12.189167309939826,85.41359113123951,2,1,0,19.823657731150266,Medium
119.48386714499186,843.6860643403562,3.507078356665054,13.498698483532747,4,2,0,3.2409375381696193,Low
437.5748064623817,1176.361771534712,11.665690745067295,4.030299406877751,4,1,0,13.800959854894316,Low
130.5639307481051,1313.863991523979,8.70320953806626,60.356794738872836,2,1,1,7.212825171778365,Medium
307.33121595153204,67.5924337878693,7.908301113412051,50.24376821928821,1,2,1,10.717212561169516,Medium
279.0027158443577,1142.990761524692,2.018216942502999,21.040083549793444,3,2,0,8.07008217900469,Low
201.10241752932822,771.7321454894666,9.329476965212976,107.83316304344675,3,1,0,6.192124421492182,Low
340.42227798189805,938.390678349495,1.7987725615025456,110.90807072363818,5,5,0,11.121290717542749,Medium
364.25596918413976,238.62652871964556,2.9565609705767995,5.005646627860769,2,5,0,10.923946778820655,Low
285.63420868309646,1726.5488331140466,2.385833656945729,16.983874287117384,2,4,0,15.692132556404587,Low
380.41900740645326,2074.4412667625793,17.173949023260136,28.62013696394536,5,3,0,31.644963087406545,Medium
491.7914526165041,68.546028972528,5.127564427990022,39.87393821373236,4,5,1,16.5697291770951,Medium
212.53983201089852,1330.9926229287385,6.393677824728139,35.641542847401205,4,2,0,6.952776495238966,Low
259.71861068333783,1685.1800666886206,5.79745091332865,29.96348474240608,5,3,0,9.865313778093956,Low
11.172589580900553,640.880543256759,16.168508013206587,11.681616660472926,4,1,0,0.21764723237477235,Low
399.0341353736373,1736.8711750018126,10.133386404027993,43.522078320823105,5,4,0,21.434920721066753,Medium
262.51388318776696,1398.5340106705369,16.54487818079961,45.296780465172205,4,1,0,11.101720666340377,Low
206.94090802847978,2045.5745383509325,5.39864830490212,57.465345398362714,3,4,0,15.625058994716783,Medium
51.56562172925092,2158.5904887512247,2.0670241397750813,10.178098391235105,1,4,1,4.055735488173643,High
445.37992872932165,112.31452851717647,10.011932149035143,25.180189301932177,4,2,0,10.651086771756072,Low
200.52858382007543,989.9643190388736,6.219665852220315,20.200848035450075,4,4,0,7.126272175885625,Medium
342.8778911135641,1212.4333769205157,14.43432300283347,9.993387733483159,5,2,0,11.840325613166641,Low
78.94020740223463,339.9002483926824,15.829621360409854,24.864752492615324,4,2,0,2.2116637956793848,Low
480.9670666228111,753.1031103316485,8.506323196327292,12.238981400711394,3,3,0,15.611284947274896,Low
93.3286721018063,2173.071436109087,17.48446243353915,8.432953017537704,3,2,0,7.7245339229904815,Medium
103.77328648524774,55.38239482658775,9.954234114199306,50.69825675454287,1,4,0,4.002201362467973,Medium
430.1965159760683,1006.4672907231572,4.876567080953624,20.94725704308834,1,2,0,15.497268495906743,Low
456.72845835025595,1856.9870753456676,8.801559276196942,16.27902526912188,1,3,0,38.05120146808139,Medium
110.0129667240342,726.1047527280488,0.6715852632526969,67.27831053288116,5,5,0,3.4051276845595218,Low
237.55143964653982,1065.9607360062344,14.472020884735215,46.26234188450685,4,2,0,9.31169749904787,Medium
368.07997775860076,2152.1397258177963,1.825830915379577,3.518004350690596,2,3,0,21.48963033840114,Low
439.7910382363468,1055.2315035170345,5.557472793054089,40.06409718369679,3,5,0,19.723989893184896,Medium
192.63108404346607,305.40846047936793,10.175697846088982,39.92616047464098,3,2,0,5.158797949122212,Low
260.92464599046747,132.75285183273252,0.7735522616441797,24.04638727981152,2,1,0,5.580817376951642,Low
372.1496232072688,2081.0081279190877,1.4277041852660683,23.323108095292348,3,2,0,16.05690045110103,Low
366.9123084431337,599.4645209396432,12.530094437034231,6.17324052093899,2,5,0,18.152078950487393,Medium
392.56526436291205,1118.859316310721,1.2919876750938373,107.02042432278125,4,4,0,13.634986783306143,Low
287.11724022755556,217.72985007613156,8.587491592452777,24.788289141452417,4,5,1,11.02331858962485,Medium
56.784472918363726,943.568162800319,6.096521401573507,38.500663650693696,1,2,0,2.2402615853753804,Low
452.4667789846298,2047.6300319652705,4.105429343215496,25.890198021788752,3,5,0,37.170613486677695,Medium
433.45840696390894,1115.2603261154457,3.3980201615459773,16.515639987788134,5,2,1,13.649277657284308,Low
400.05823073007485,2137.074630929075,13.74140328718643,53.450302717853006,5,4,0,33.27754722349695,Medium
54.4319261945611,584.2616891775313,17.127759476705087,33.38582171011567,4,5,0,2.828303584394556,Medium
106.17669670530745,1119.908622554583,2.5232353596599713,24.955364159871515,4,2,0,2.725063290359448,Low
373.0821807282877,1893.777126144329,17.274261945134285,38.20045354865083,1,5,0,30.826077328683407,High
16.454346818063485,997.1901329271615,10.705725062551867,27.80060041016866,5,4,0,0.15,Low
489.7161936851034,629.2824743830133,11.549887296538628,89.8410364303014,4,4,0,18.742378678658845,Medium
191.68661677606195,1884.936292250982,12.778674806566473,52.19536626641595,5,4,0,13.475837930142266,Medium
361.05970417695767,869.9590421422877,12.674140026382457,42.80428155592877,5,1,0,10.205857731830646,Low
444.34768880158146,1176.9767745113104,14.756599947342389,7.010181562864272,2,4,1,36.63472858798958,High
200.34179463429072,2148.8290047850173,8.702435724258555,43.87444062252333,1,2,0,16.56571384267766,Medium
162.97058185683468,426.5335825677833,9.60045457526462,43.098715861439366,4,2,0,4.390358773135768,Low
306.32685880463214,677.0533880500049,5.828886044341486,12.443001196430028,3,1,0,7.530759704791196,Low
292.5897400052851,87.73172815225108,1.894636688096107,6.838409502188322,1,1,0,6.612478466609802,Low
207.5242889242746,874.206207603915,11.963523436671943,50.712093508979315,2,5,0,13.219265584413773,Medium
302.87850415451567,456.39987867499383,0.6049794453525166,55.18554244122033,5,2,0,6.297205060099867,Low
468.0137779354149,1502.4761591892031,4.9614309195006285,17.787023628265075,2,2,0,19.235326391372205,Low
236.48192703016525,415.2807801095582,1.6961375600298048,17.109631065356915,2,3,0,6.49821258958216,Low
102.38737947156251,1491.0918002447959,3.433088831808925,32.95765109194852,4,4,0,4.103601052306396,Medium
191.71696152708694,594.3764334527126,11.497156432152854,20.89131004007457,4,3,0,5.83044197923658,Low
200.0829563835937,794.3748783842155,11.312579343688528,6.677190715626166,2,3,0,8.024531843990056,Medium
69.89880304797883,780.5162214611465,7.5789884339228175,12.312222574333347,5,5,0,2.4280720969134775,Medium
85.62139277450468,1582.5188153566685,1.6230955768108408,37.483007615683924,3,3,0,3.1354971402710268,Low
343.85822632987026,1036.990193641588,7.800730496269351,12.964007971522253,1,4,0,18.175557444166806,Medium
173.04148833340685,807.6315994988491,6.349407693449281,57.117810668320544,2,5,0,8.087148356877771,Medium
477.6747039686248,1878.7175275060008,12.968264751407096,42.60273806287613,5,4,0,33.399850359358076,Medium
125.58038895251067,1266.8523638978218,10.422478947582931,38.58560244398039,1,1,0,5.541049856370984,Medium
53.96763002688704,486.1511903860352,8.848183812065981,32.4435884825742,1,2,0,1.4365250329202444,Low
377.98475868512764,1982.198986353228,8.765677481489913,15.875289280102415,4,4,0,25.35554202998698,Medium
441.11284569934566,766.9776453533366,17.39334397068754,46.82337392659322,3,3,0,21.295230154564432,Medium
142.6661116513865,104.97504303135845,13.61329599066211,15.482394982766085,2,2,0,3.89435821809484,Medium
105.03361031451159,1098.2284882643073,8.9456320882823,59.324350434995885,3,2,0,3.950445829554273,Low
96.95423676118816,290.1849586811136,8.626007032001597,80.64402447740189,1,1,0,3.0909018465631393,Low
263.39608917642363,539.8568473003188,0.47662382348934207,33.2382671831289,2,2,0,6.782475242763921,Low
236.86623741715164,1648.7017024585562,16.96516673975652,73.61858360283554,2,4,0,19.655519082360758,Medium
133.42272072799443,305.0389531603745,5.745131491811934,12.471421216659595,3,1,0,2.834537100256092,Low
27.360692909766062,1779.1384090917977,4.606903473853388,42.94487127663345,4,5,0,1.6068359668580978,Medium
243.33821346150896,2062.4578881254793,17.989360656978086,29.390005073768585,5,2,0,17.391923649622488,Medium
479.86951207962613,1342.2399788893194,12.93641408708144,51.321079401398165,1,5,1,40.00828750886669,High
327.9970043725683,1568.5830386097678,0.8525479193871837,3.778862976895385,2,2,0,11.729647551380245,Low
250.2757455311661,1575.61880959817,1.1139385864603761,49.21177831422767,2,5,1,20.639781782772623,Medium
59.79257664465998,2184.32134684957,0.45902815128356167,17.209886032382176,3,3,0,3.0485760955471237,Low
129.9559638220457,764.5534115995379,10.793140191231643,30.50705007009341,3,5,0,6.154479605394058,Medium
150.91310503939866,375.0272817090914,1.2881610011151325,105.81868853990782,5,1,0,3.0805193488726537,Low
383.577758540581,1151.7845721132207,16.800990423208752,43.975051287305156,5,4,0,19.674141381989212,Low
438.97184464598655,1182.4845854331238,16.864317720408202,39.93920753208427,4,2,0,19.90273472536378,Medium
451.312717515387,407.84922448559496,9.828973201465436,37.62636605200323,1,2,0,15.048966533484517,Medium
492.3614610841233,1356.578533407224,11.099500765127114,63.60356055099462,1,1,0,25.760131162903992,Medium
491.2715081367436,50.79191897947625,5.254099227454496,52.55009503366203,5,5,0,12.189709331877136,Low
476.7345707201508,2042.317117350203,1.1515057633489199,37.93054013468015,5,4,0,20.83442393512333,Low
40.55195954892777,596.7719256503503,13.27428801345268,34.58611201961825,2,5,0,2.464886553781659,Medium
73.20780028426357,106.24125429061814,1.8321477974823142,32.90649157754923,1,3,0,1.8819829427801533,Low
155.7109306056363,255.98378241518836,1.5400375383310765,28.17022520112293,4,1,1,3.890795051778268,Low
278.68463576190845,543.7427072496189,5.602015965676029,10.01295013392284,3,2,0,7.335600698828026,Low
53.00405490921225,617.1154475611786,0.22438187708187707,43.30826830305118,5,3,0,1.0325633343164227,Low
423.66949411206053,91.5257989050485,7.812641083613688,18.696131732579225,3,1,1,11.188196926342941,Low
310.294308643268,628.9934905823295,12.738256381441381,25.597871431431948,4,5,0,13.000217099272362,Medium
273.47037913959144,440.612985555791,14.4242807655949,55.031066567818115,4,5,0,11.576979094124427,Medium
86.82910506680912,845.3936218072505,10.877531468380583,28.68198674919572,1,3,0,3.950536035910458,Medium
130.36145982809768,859.6656674360129,15.243735656050427,26.996299943227854,1,3,0,7.722634243111527,Medium
84.35445236621773,759.0368745142764,7.317039667807986,33.313096101161605,4,4,0,2.8209854115036985,Low
426.70691310842534,734.8740660969347,15.277897531088579,23.084725300723875,1,4,0,27.564613695596233,Medium
294.192790730303,215.61418547592768,9.116519588970828,104.32651001547289,2,1,0,8.608247373792425,Medium
368.88906662221854,74.94678473503353,4.014650303969315,95.01341945036646,4,3,0,8.754754305326044,Low
151.53626714046274,460.6091743410972,16.994621639888386,93.38012428841863,2,4,0,8.642290053684956,Medium
188.7700553586972,1669.4957517682215,4.949475729068097,37.717404230498644,1,5,0,15.969008155409718,Medium
205.40320739113423,2179.965288901446,0.471626715380276,17.709659198459885,1,3,0,13.999415312842878,Medium
381.20741101329725,2044.1870616249773,4.368132773190485,56.057494161055885,3,5,0,31.96876977323157,Medium
387.3147288989112,1119.1981950723357,6.6003761026337,23.227459690619597,4,3,0,12.569924102579972,Low
107.37269611944569,1179.3760055958967,6.324294299206754,59.47796141239924,4,2,0,3.3425702915864752,Low
471.06173408535903,705.7878204981367,9.44401516998429,17.01402173794742,5,3,1,16.77582133578954,Medium
64.72439203462477,1707.1879762300905,15.896283876646622,39.707176417059884,4,4,0,5.707738880336665,Medium
448.580430799697,1687.169579693174,5.262088087974584,65.28736098842106,4,5,0,26.336788657413763,Medium
54.695844596655604,1860.5137395297293,9.37387094326504,24.272335912109078,2,2,0,3.2431303710660244,Medium
135.947206519899,1972.1999782892078,6.122501166392628,24.20306253123222,2,2,0,7.84820335910061,Low
424.0068753536387,966.8813611311448,14.791915068717607,7.5977695668610625,2,4,0,25.699901657038872,Medium
93.84857581131328,1691.7887384736907,2.836827239192611,17.463921515524035,1,4,0,6.066516394493842,Medium
209.71612599843507,1777.9492287750154,1.863184829581053,37.18402663883445,5,2,0,6.793791620643387,Low
227.6803534723425,692.4419770450953,9.053914558276832,41.35677779975634,2,4,1,13.529073331429911,High
126.40319164648878,2045.7480919334068,12.093976543778854,45.74838063646157,3,1,1,10.140514153566928,Medium
356.57137466131337,225.66447575444892,14.319453619633798,4.850299921923499,2,2,0,10.940477016640742,Low
426.4106514540909,2187.5068105759565,10.613247352295696,23.316283005517086,1,5,0,35.53621207165163,Medium
437.91469422850804,1698.7977655863353,13.929295703742012,8.558132647164472,5,3,0,21.768231908297317,Medium
172.96446213959766,223.3305736070334,7.068781054096628,35.83219087489135,2,5,0,6.051521874575138,Medium
267.77094517246815,1450.5806328689014,0.5916180647964415,6.1829814158842575,1,2,0,9.771468800069112,Low
127.96116991349749,94.51111582360714,2.0897875422280174,11.187806093981052,2,2,0,3.223463707972101,Low
126.17426826732199,1699.0075497883186,0.6970068221219312,51.92771693402757,1,5,1,10.947550874563301,High
84.82076111170244,1762.3059692167406,5.920985708576868,19.205488857355768,5,5,0,4.061177901596214,Medium
470.30941034971977,1333.254351739356,8.918844142836281,74.03837489328843,1,5,0,39.24380259848423,Medium
444.55447015976205,1887.9556543781237,6.413714705824908,46.597977300935355,2,2,0,25.15127985559216,Low
389.7925630972077,233.38555086839415,10.09079055119506,24.380434663976274,2,5,0,15.008788689040518,Medium
261.2424530374259,621.5139756489729,8.650964672870177,57.68027549237672,1,3,0,11.007505158621548,Medium
247.8509181783766,922.9069970720217,12.202970433550925,26.04341295182821,1,5,0,19.22334858627293,Medium
267.2241047603365,112.55833716525424,12.005318944141312,49.888753168143985,3,5,0,9.660595767844693,Medium
270.6011667206592,997.1110709051422,5.725154647956231,16.737963925259546,2,3,1,13.41214036102178,Medium
220.1087269253567,598.1653343253938,6.231860196499648,59.98969338417406,1,2,0,7.587361685530506,Medium
70.2186422815734,876.1623263818216,10.53266078954346,6.835250030690102,2,5,1,5.198900182959644,High
67.2036071699253,946.7237377432281,10.735784422035152,11.172165076144339,2,3,0,2.8098863853326823,Medium
476.36360934361323,1937.1175790031534,5.664598445468396,13.04846830027739,3,3,0,25.60210816663227,Low
243.60522599524353,609.3433157502532,5.945721943957654,18.284358992294443,5,4,0,6.50611192835722,Low
476.83673482806853,1968.360020601473,12.492810237350648,38.154607247241444,2,5,0,39.90910367055194,Medium
85.97055446650444,948.6167032920114,11.653394811769251,29.866173826573885,4,1,0,2.8234047406813163,Low
279.4361932597671,734.6208311128895,2.4309144842359447,50.28932329702888,4,5,0,8.606472805130673,Low
107.82004040901192,1115.4762675506183,7.938753834157081,65.90370827380013,1,3,0,6.104575668771598,Medium
130.32638003266777,930.6803642709904,16.068709416790625,6.046006243592375,3,1,0,4.444448684278779,Low
19.877016486783496,581.0716424602184,0.6535021698805539,71.31614175861431,3,2,0,0.7504275774655325,Low
63.881888816404604,1115.8409280554258,15.392951036715846,25.595190576385054,3,3,0,3.3467096520846713,Low
458.8399617764519,350.92777811185215,2.9372068271545855,92.18983959925217,1,4,0,15.876284662994529,Medium
164.1588307837542,787.2072757900661,9.130475384310886,16.103432584532648,3,3,0,5.545310756659005,Low
306.0239598977228,1253.4226782355174,7.638055720614207,4.237189997128847,1,1,0,11.884014268196529,Low
235.18199533469013,921.2299727698917,0.1823280721462588,46.968225496984104,5,3,0,5.901127189605842,Low
203.22336639641276,1816.1289470907363,16.477144867613376,44.92821092778149,3,2,0,16.467432584472718,Medium
268.2836152163037,579.6534401466624,8.1886540920175,11.455832394130933,1,2,0,8.87416784846137,Low
97.68327758459405,2134.102041851602,17.17682898169107,12.565094994076397,3,4,1,7.9861385674639855,High
494.3589297671904,1730.694005455946,5.161390217625922,52.924406140549976,5,5,0,24.808032117390137,Medium
410.0623950084122,2129.3527966744896,15.592963921487502,39.49490013435243,4,1,0,26.758044196921215,Medium
372.09924320210007,1847.137689530063,16.60301233192135,23.61120184183665,2,4,0,30.778275340302585,Medium
237.03585202190646,329.786558356581,10.022983494674051,42.40821082117744,5,3,1,7.431947924626046,Medium
80.6741754525363,1167.68299758433,3.648200181618915,36.70015097703173,1,2,0,3.1633228210537054,Medium
460.7295998454161,390.55317620681285,12.334453777902961,13.822561267635386,2,4,0,18.214261445030967,Medium
173.98659835395517,1803.735628727421,9.881605197530282,55.68212896201419,1,2,0,14.525354767678403,Medium
29.802811399982218,1293.473485219585,17.001533985347265,48.437750607561284,5,4,1,2.0414770139212015,Medium
174.48982002126118,594.3195052980545,7.906897112588853,30.385182482255743,4,3,0,5.095227790567407,Low
398.25623009546274,2046.5257589756336,4.833245657516796,52.94841028372655,3,1,0,17.59321385532368,Low
313.24082876916304,271.1055962250883,2.489166026893928,99.80852442947094,4,4,0,8.360326430943855,Low
376.6650994487055,1249.2200395674645,12.57540423636023,12.4272096214465,2,5,0,31.53205132825421,Medium
397.8495150118768,1591.8684091734615,17.53397314165048,24.46604224701402,1,3,1,33.1211279009627,High
109.91753248486859,148.2898113847013,0.5101878702851725,25.433353401330766,5,4,1,2.7913464952865428,Low
462.2727414661242,1323.326152389524,13.328016386006283,52.14722579581216,5,1,0,15.628564398567255,Low
221.80485344558443,1798.6646497095453,16.684746526074,18.094159531212856,1,2,1,18.606473783002926,High
321.3117563857615,167.20954543135636,1.3460676160922882,50.1411483381202,1,2,0,7.6918943455506446,Low
6.142842430437291,1136.689677012447,1.9830608119103967,19.93970357060516,3,4,0,0.37260280075017954,Low
496.71740671353314,583.6546483642533,12.455227772094755,11.122621993284712,1,2,0,18.956109322200938,Low
144.04371105225678,1465.1753043504873,11.66334076612419,31.7566806012778,4,4,0,7.900836527133268,Medium
35.72123773737684,278.7166602318819,1.2388934756924226,19.58035060899519,5,2,0,0.6559056885163764,Low
231.83971056057442,2062.772118861705,15.019609538720816,34.154594734414864,2,4,0,19.28813663313019,Medium
68.86987830511066,1970.5083081381154,9.421629261208063,40.35515223563959,2,2,0,5.157047189498641,Medium
80.40172152799998,425.424235329046,16.329552720059027,6.548169550743691,5,3,0,3.085396137944853,Low
317.979992449954,724.7196279159281,15.803835857868679,21.49554674574018,2,1,0,12.0526897450455,Low
199.49905882726546,1301.0442447436337,14.625139842902984,31.776356841309127,2,4,0,16.51185641176084,Medium
461.31696282672254,1585.375893862666,9.286180132399583,53.10498331098205,1,1,0,24.982396940568616,Medium
162.98246483099467,984.9901130493629,4.530791551489781,48.68727157168345,5,5,0,5.678597896512461,Low
364.45916355003106,360.71508187492566,9.107559070400386,14.8966960286498,5,5,0,10.549120321195334,Low
233.24421792667928,247.05025649026007,1.8146048004320412,26.42537761369145,1,3,0,6.177309918176243,Low
331.675894058993,2199.4884344732695,11.85923067252167,41.869920399169864,5,5,0,27.62700165246606,Medium
301.84920157441525,1012.6676247468022,2.4115899461221373,25.01417801677604,1,5,0,14.812949303100174,Medium
239.0280665157041,1922.119213143726,9.201113325013015,16.2004561329718,1,1,0,14.723576210322896,Medium
475.2802418390964,1071.5796900914695,0.9788755350027201,29.001583881187056,2,4,0,17.560429720569445,Medium
174.64325316370315,2030.739652030287,5.391224824943626,39.08805424540194,3,2,1,13.746883163314948,Medium
92.73157311838992,211.3154544419803,4.177448292056181,13.647867711677211,5,5,0,2.313561413766169,Low
340.656560135515,268.5618371093211,11.160567768810068,45.130038278532325,4,5,1,15.522979991179247,High
423.77374284741484,2046.5981692388089,14.162160816405157,33.18729318281297,1,5,1,35.03220507980263,High
24.925601270262263,2085.534838197631,1.0314531817294705,46.28724801016098,3,3,0,1.7277002841134057,Medium
227.56818076922687,706.0840354744921,15.305106332796916,28.51111417142872,5,1,0,6.057142648416135,Low
446.7814063952265,794.2594536466406,15.49381850918288,90.07201486673662,4,1,0,14.702461364803703,Medium
376.0612163668194,1006.3415119397724,6.16084333718441,38.54589240382545,2,1,0,11.87758769350014,Low
495.944819666326,927.232462546694,11.862073187465798,49.98939934814789,1,5,0,40.26595077538909,Medium
268.04983674063567,434.2985707919207,7.247034570662091,45.00159634058062,3,3,1,9.886661708203272,Medium
331.69788080656986,1978.4583369878364,2.775435879413367,26.158162111394567,3,2,0,14.25485468990063,Low
154.72773916327444,572.2105695383034,9.515923534135986,36.094616752976535,2,3,0,5.505483570194687,Medium
474.0301218346662,1557.4938526612805,1.5544741410287397,18.45318935210431,1,1,0,17.345904434071258,Low
186.33606683548547,166.3993774622409,15.812498797127782,85.81114264924382,1,3,0,8.342972765011211,Medium
370.56280277988117,104.47790273197624,16.637215669372953,41.644481760000524,3,3,0,12.407006464467425,Medium
204.55440103894554,1445.132430217687,14.789036466205264,15.380853676436303,5,4,0,11.0955317522209,Medium
283.1003703811847,759.0545695097076,10.125506173607615,73.20186975909127,3,1,0,8.643639698838653,Low
361.2923548356654,1448.9014761296028,10.036774640258189,27.202525709210263,3,5,0,25.562163155851184,Medium
256.92240511692034,224.9662207280502,17.722932778816737,54.909694847624024,5,1,0,6.348283233653542,Low
454.00773182020674,2090.676008216582,4.462230416961292,6.358450975034427,4,3,0,21.716186602083354,Low
212.55398902426606,1651.761537826948,1.3670705862937347,64.46375372956832,4,2,0,6.856827259513019,Low
325.30054008094595,1930.2625679962423,10.1149366248212,40.43661135264683,3,4,0,26.838385969277873,Medium
174.46940448352677,317.5058078170338,5.91814076058186,14.32558122990653,4,4,0,4.750303694096604,Low
207.03755077435144,717.9509121864553,5.802097910544797,39.935553905629725,3,1,0,5.069273704140986,Low
222.82480357560843,822.9902779698301,0.1275363750590648,80.19432686725582,4,3,1,7.611591392627984,Medium
67.2744740645812,1191.0363733524644,10.732309371862794,18.913597989681513,4,3,0,2.66123802184975,Medium
50.40322113420831,667.1732984061632,4.752606640961053,18.70444256925147,4,3,0,1.3439052638561264,Low
335.40751195764517,152.17501797290316,3.3814538674682577,25.852547934648886,5,1,0,6.094648922919334,Low
329.4812804798109,824.1548700076861,0.7277747650740669,31.55449802228485,2,1,1,10.465039781901703,Medium
333.14030853399714,574.917505887475,6.5585083765610035,57.38350502272502,4,3,0,9.41284536051108,Low
14.784390444632379,861.3084153898084,15.821439702956233,42.04265055833727,1,2,0,0.6511338938679452,Medium
166.64068712253106,449.3718029116572,6.060074536752702,25.835226670682502,3,3,0,4.714417882572557,Low
102.91587439330247,590.9340965511233,12.223335782152686,37.22500599769579,5,1,0,2.2620062053985817,Low
390.1849541592861,1386.756102142346,13.617845341234332,88.89270082275699,4,4,0,25.35715503309494,Medium
431.01204869108443,866.1753593801818,5.905814565423592,47.23964203274664,2,1,0,12.743693961209198,Low
127.10678672694293,772.9357971094927,14.789533230216742,28.002085710714525,4,4,0,5.448011345498705,Medium
335.5853336297532,1183.914279334773,12.453833874005083,25.251777497861603,2,5,0,27.281009902276203,Medium
69.03458771184584,1702.6559790397582,10.066360116617128,35.65422684098756,3,2,0,3.7211290296089046,Medium
141.2005001728481,845.9321448385467,0.01786435291132049,56.906734559776815,2,1,0,3.489176448582237,Low
73.63397563554267,1300.7924937717326,0.6316337866105464,16.761725836859117,4,1,0,1.9821404862683971,Low
145.34277946661845,2126.3217233026244,17.83558519390914,51.71912417972436,1,2,0,12.089124178405815,Medium
338.99459093789255,1157.9166487773505,14.081110623064069,27.576966614886917,3,1,0,12.916780940785314,Low
455.61182054169996,2003.358716808247,16.876174657913047,30.7397141044611,5,5,0,38.044713245950916,Medium
105.24859192247206,1750.2063208790107,16.241457688524495,135.8773331438836,4,5,0,8.757513621890292,High
273.329122300606,148.00672599732636,0.36797369656951506,48.181829978013205,3,5,0,7.142334654734214,Low
352.18859511549897,955.43553980298,14.25325121623933,20.083834085522394,5,5,0,16.014125315346657,Medium
476.696621900355,1542.334129153522,8.120623392200782,40.35373761324647,1,3,1,39.69881241450877,High
306.97993902915107,2171.031969137076,14.212047672011803,58.84433899436594,5,2,1,25.55092397205909,High
131.27793085855345,1019.2603147320974,0.12088411494093254,48.54685553550187,2,3,0,4.213092970451987,Medium
314.61168767239843,222.272289996292,5.187587421610156,3.4153071737226752,5,2,0,6.219920438013249,Low
163.643125030618,1245.1800008740518,13.52382796424344,29.799472551252556,5,5,0,8.699320537109223,Medium
488.18355339239537,295.9090668302334,14.274374194828615,41.60739552351561,4,3,0,14.932053717442201,Medium
202.83968690600025,1658.3126414090775,11.154862821863231,39.2753342699316,4,2,0,9.063845601505031,Medium
344.28672177670205,1126.7358544666756,5.422611410032747,21.41434603572346,4,4,0,12.226195170349582,Low
16.497653261645446,1597.0803830624845,5.586526643181532,49.12054185487581,2,2,0,0.9074884991591456,Low
203.0304158367039,1915.2087825951817,17.401751345556587,64.64908443199333,1,2,0,16.95632402126352,Medium
438.17826859464327,1391.1066774148542,7.905819226215682,6.771188586192369,2,2,0,18.496519934856398,Low
307.0625849944567,1355.1177377719357,8.048259904389067,6.120591835233468,3,1,0,10.231180170871303,Low
224.75172876600828,1664.9632440583962,9.941989504332591,40.10225728817475,4,1,0,8.8152104108981,Low
468.28906222068434,1856.551903166815,7.371042063558997,51.92476637680992,2,3,0,33.28320620274848,Medium
427.7222661928784,1914.537254083866,9.948088162753455,18.97974771367771,3,5,1,35.802995180579764,High
164.49675854235443,99.4178265886856,7.782037609816042,3.673208988492149,1,2,0,4.135096995074637,Low
274.5514590104631,1232.4948470191807,14.88086855283936,30.17193872595564,1,4,0,22.596206669207326,Medium
247.46300676576905,491.4670953586621,16.36291835636911,39.69367539189885,5,2,0,7.178363840194849,Low
317.94023755685686,1895.5540419042877,16.77798467667651,24.26693437343677,5,2,0,18.808013350127737,Medium
170.38507714458402,1433.5069537433274,10.157331704928957,59.82908015939091,5,1,0,5.910492164755461,Low
125.88147537911468,936.0850042907151,7.958674034360916,38.001980068921924,2,3,0,5.202041660869722,Medium
456.77255845149034,430.06721730454586,12.694321058253083,17.34075860050665,3,4,0,16.8598634153045,Low
462.31787725176065,759.0715045052217,15.089824643326319,18.858982019850334,4,2,0,15.115458557985887,Low
422.4448284521796,1554.2353740976896,10.13368035719479,30.661397344878335,2,3,0,26.843517738383632,Medium
489.21119322845783,465.5038085613726,12.599658392800704,23.002469735775044,4,3,0,14.957098070503346,Medium
373.7708052609458,224.0108208376526,13.495128312982464,5.704946709372857,4,2,0,9.62980951273959,Low
383.51027813818985,1955.9026929360612,12.175087980911162,35.70875621496826,3,4,0,31.990150462844085,Medium
382.4820955215072,1685.9785620846546,13.43040400312757,19.267220748437616,3,3,0,26.45497516395621,Low
242.90077731644172,455.552948834729,3.755615986007971,22.01265357807035,2,1,0,6.100745776745891,Low
230.94383628456447,657.2391646773818,8.970741846392356,12.326631292440261,5,3,0,5.921365792112744,Low
123.91200669375657,2139.112986145331,10.58883398289157,81.56780821549634,5,2,0,6.91978594233393,Low
324.1855012078488,1563.842181134876,0.04460275542641545,46.23738259259103,5,4,0,10.785487261432065,Low
148.2134673706556,1350.937969186138,15.407325158646275,94.84274455514812,4,2,0,7.402597630226654,Medium
132.61516280266545,690.6300982246041,10.980441152008417,24.1725993679063,2,5,0,6.832532582739215,Medium
295.0508801775471,672.0928142830185,2.324453970567659,48.06440561211852,4,4,0,8.120590407285903,Low
207.94128217139638,106.16148874470241,14.694427306364888,36.15890523887422,2,1,0,6.002078602053135,Low
113.33402135334293,1608.0904698462105,12.907025395929804,17.910514544248755,5,3,0,5.238775678427703,Low
408.9477282926514,114.12199062400829,13.649391782345466,23.980546632256853,2,5,0,16.83190657931112,Medium
430.98211005071613,30.5889963544683,7.056764313513412,46.17815585486873,3,2,0,10.151359734636074,Low
88.01126224050158,1610.2992915369346,15.375645120509859,12.310590157579899,1,4,0,7.303361475137747,Medium
8.715981235999935,2088.5447905850933,7.45249647838252,60.226917423121336,1,4,0,0.5727644671540189,Medium
171.38433442203998,1669.176644045537,10.269164753020645,34.04377259162915,2,4,1,14.283446763568454,High
399.7678636619725,1048.1756155611456,0.011561466597727055,55.00026575645963,3,1,1,12.481586998060722,Low
420.3910637859906,1079.5786440427032,11.60771606420152,39.804932501604426,1,2,0,20.892106999734,Medium
73.47288970744437,970.7774013750496,12.927164258302861,6.827518870671192,5,2,0,2.5802556371518905,Low
388.29627108561033,727.7231943005273,10.207968578798262,29.816540448889757,1,2,0,15.111987800412418,Medium
62.273562818167576,1157.3369869251317,8.938058706785089,61.10241359636949,5,5,0,2.6393736442486664,Medium
198.08098212748197,959.9090865676309,14.57885652681075,33.68013752206616,2,1,0,8.022330638851251,Medium
499.31170993089836,1324.0059784888888,12.264708908974352,30.390937248237805,2,3,0,29.8555322030492,Medium
100.33245749930036,1977.901775492386,5.005332714960414,33.656210502497785,1,5,0,8.27368380358598,Medium
81.21197337592508,2189.1205297659067,17.263320085439744,5.222301369755444,5,5,0,6.703648957906107,Medium
214.28616461066278,191.66037194475933,12.730809495516134,65.34151727632513,4,4,0,6.6286208511617035,Medium
311.7359203550814,858.6099704017242,17.782900720423644,2.60675647720315,1,5,0,26.055464172522335,Medium
466.7858872945604,413.93950677164463,17.48270369283963,74.45687387112879,1,3,0,25.14105050260832,Medium
490.50646703885195,787.6226331576635,16.540375010581617,22.847438214922715,4,4,0,22.161463617068687,Medium
39.47211511274034,646.6911804355622,13.596687742055536,41.78440630220901,5,3,0,1.1377406178843816,Medium
73.30877108721313,400.4909469463985,10.969728632945413,4.722834812499862,1,1,1,3.416160064705493,Medium
396.41529707851697,1685.6857964584133,3.0990719462926357,51.54271490755089,2,1,0,15.245159738343686,Low
138.96291537407592,1101.9094593677341,9.780325513627638,45.70551066177227,3,5,0,7.404105874565382,Medium
443.0002844556485,2023.9553692335521,13.776777403097892,43.800273801881715,1,1,0,36.59670397711228,Medium
333.40936232839795,91.0515262784916,9.375428856700221,4.47639872159737,2,2,0,8.945966235089998,Low
60.3631771784352,166.01206862773802,15.62830431130184,15.941079374223305,1,4,0,2.988259271625784,Medium
417.1019960373835,899.1364107881501,1.9738061854505689,39.95358396017979,3,3,0,12.33844194912673,Low
92.29640810399755,195.00455848080094,6.856926264875414,64.16663750691521,4,3,0,2.5957917195924294,Low
214.63022036642863,592.750520184337,9.10735953468583,13.951082785488703,3,5,0,8.531629092668933,Medium
278.33153963686834,2169.5448399070397,7.781855325643945,14.296373370300245,2,4,0,23.156398943541813,Medium
252.87924379473776,475.53194431645863,1.9545578607879555,38.116260885201875,3,5,0,7.704836767018638,Low
344.65064322949945,451.89667627835775,2.7635092928033496,128.15632321592588,3,4,0,10.804955198478087,Medium
328.07993376028134,1270.5366579746458,15.077111271398769,18.177118448859012,1,5,0,27.515485644454174,Medium
496.06079273638716,1105.6362739290817,8.718916665626118,22.629023064462316,1,4,0,29.4437684759398,Medium
499.713845065973,1285.3554879022017,0.8770036815490976,20.04445517072264,1,3,0,19.945665351346314,Medium
260.64740430464224,841.2829064946318,0.29684266159769845,27.625909082770452,5,5,0,7.272236223048934,Low
52.12354804562767,1822.3419445709847,8.522557235897878,67.56871757442828,4,5,0,4.635080203525013,Medium
365.2824329895156,322.105602144569,2.9588170666399867,28.754704469543057,1,1,0,9.12211561824274,Low
488.44871871721165,953.8959679343951,12.692267027985993,136.09949500095905,2,5,0,40.877924978477495,High
162.57156187636505,1523.68082960811,14.315822325499523,32.79587875574107,3,4,0,13.561728896392513,Medium
233.29839848959904,1912.7554398167213,4.109340752227901,71.91703409173012,1,5,0,19.496204756266128,Medium
215.26457778365068,825.6661018577317,10.659185007872054,23.986115496243944,5,4,1,9.521824893908486,Medium
30.452481505680034,1257.685406024381,2.7800035827369483,10.041826791740665,5,5,0,1.2276008868187924,Low
337.7708934556052,170.72508011583008,5.464487728698966,28.71882502327275,2,2,0,8.667247948829905,Low
179.90215905889156,391.2956120837871,15.9983188952658,44.25859419506564,1,1,0,6.6773220222831355,Low
394.7946179425936,170.7211941761296,9.793765646681594,16.063770863128894,2,1,0,9.939036730079136,Low
416.8994372645831,1606.7803445567777,15.945996512595602,64.53398758417701,3,2,0,28.811854612607224,Medium
411.50923936593347,647.9707318142666,4.054460475231125,20.846841313528802,5,2,0,9.371994569875941,Low
211.24966902974066,1597.7647326182064,5.940438178475988,12.331227132744806,2,3,0,10.689605030723317,Low
164.16511270924525,164.74824831433853,8.477138492222707,119.86329472898191,2,1,0,4.996959953809378,Medium
375.66628593519215,1900.3542048901495,8.641441353501772,15.344942153278689,2,1,0,18.975541252147828,Medium
401.68776975214786,1841.4558318821798,17.95766340930661,20.349816577280958,1,3,0,33.665683384490485,Medium
248.17243596372623,213.86465984961617,2.0600157414803415,49.41722626466468,1,4,0,7.428457627173724,Low
447.05035467047,71.78918407666661,15.335370640828634,23.33964018898589,3,1,1,14.484619401916849,Medium
76.23480455888634,142.70961230074076,15.546276709593663,12.743773213435666,4,3,0,2.7526380439632927,Low
440.13904593118525,1880.91377745988,9.957575367680173,18.737445689667105,1,4,0,36.48578002863396,Medium
52.56714032108123,531.6536061331328,6.192669028664768,98.95020363796662,2,4,0,1.8628694201428717,Medium
80.99513341703388,1215.2358329308513,9.346069877189331,45.363921146643655,5,1,0,2.349777638096777,Low
269.2508065706104,949.2123629325237,5.264418686518148,51.7209493376512,5,4,0,8.228572191549453,Medium
38.421647692770435,1754.2456471783526,14.383934071918912,36.78971548721883,4,1,1,2.9378059817303765,Medium
31.139515193054628,1085.798297206062,8.969024856785943,41.38600564160238,3,2,0,1.0112180763895708,Low
5.2567783620242325,1111.4406326415678,16.66515921979411,21.957417281404012,3,2,0,0.3776504957151945,Medium
220.97674654866026,2176.220428109787,11.208444198408788,33.52816871941027,2,5,0,18.14889105269501,Medium
388.43882123965375,347.2824337133805,9.2577479960643,4.024361310532319,2,1,0,9.871537329540836,Low
22.244983388558254,1830.9345864661304,12.799248371597741,58.488381262989975,2,4,0,1.8079516199225778,Medium
327.8675152005984,132.81444541646886,9.070793359744217,21.796689189343986,4,5,0,9.421189513720458,Medium
412.44802212101234,1061.2743176690763,16.281114307550048,10.89913801443856,4,5,0,25.406642878858847,Medium
88.1604200460462,1952.2099161739914,3.3200272959631434,34.951322046856845,4,2,0,3.142903539780885,Low
77.6975487365951,1470.1664450169844,17.5202763074263,26.115835419177078,4,1,0,3.3442369895883584,Low
431.0964819421654,1513.7678702181697,14.619429933321456,57.086625845984216,1,2,0,36.007430805608706,Medium
412.4466819252969,594.0316753191385,15.493200513567652,29.201844050208933,4,4,0,16.311151607907433,Medium
271.7761743007725,932.4930451679703,8.69234098267928,18.400152572125556,5,1,1,8.099266351351618,Low
410.50394025052026,819.1467184279301,15.069627888076752,29.738388582587678,4,4,0,18.438861911757524,Medium
50.91425832512491,1156.7461981444274,5.521933504389692,77.40569177581695,3,2,0,1.5650709765642008,Medium
200.26835137968342,1027.6568877131965,13.715067214155154,58.37322023655252,2,4,0,13.418291707287686,Medium
370.2097902726546,732.6384070918368,2.5281028510024077,45.28170354213034,4,4,0,10.67391312358543,Low
132.43871986536186,685.9477349691508,5.526934487325157,60.09012557964497,3,3,0,4.2690059412203345,Medium
377.4028126446086,566.8593038081663,8.023187940475191,47.73601311498859,2,4,0,14.660599758858964,Medium
254.56840917345286,815.8029982087734,5.8017549265815935,14.386894264148431,3,5,1,13.31439249073195,Medium
376.3816640343754,346.8724218962522,6.966308081235305,52.008309567366084,1,2,0,11.498885174022812,Low
235.01642073937813,1921.1873783677909,14.761885406106565,64.93204029719068,5,3,0,16.289455629582626,Medium
187.11264840979973,1332.6202741968716,4.6201660585590165,67.38474849596604,4,4,0,7.727675224338355,Medium
113.498662156923,311.6544077946049,13.4150610987823,11.778722631331298,2,5,0,4.839051874153316,Medium
108.14777401033244,1532.613348575623,1.3268172440097332,20.398356142378223,4,3,1,5.126116467662052,Medium
376.987951232841,1867.9129002355814,13.783303935271094,17.98105621570933,1,2,0,31.26382592524486,Medium
63.860622276810446,537.8277650739244,14.256418370935913,23.803344657581892,2,5,0,3.4535051660841924,Medium
47.56126330491784,348.30929565523536,7.230577959044676,42.03088371650925,4,5,0,1.2523578756063278,Low
92.26422568595443,38.78562055157948,13.004600817014468,34.30979428333111,1,3,0,2.985727306698972,Medium
91.79652316969133,123.00573870713754,16.472491267411783,34.317192131298995,4,1,0,2.1972653912894105,Low
412.43827328941535,1681.7079393016552,14.412833523981483,9.009277663740356,5,2,0,18.109940478776995,Low
202.26077861973513,2172.0662038508926,7.028037187145278,19.77906801358363,3,3,0,14.043768943104643,Medium
495.2422863934388,117.839102998283,8.71584325704116,70.70850941648014,2,4,0,16.385864865168852,Medium
72.91957260635313,1650.794690794166,14.028435806144497,64.74491246229708,4,4,0,5.973236579479722,Medium
328.50221371835346,176.65952153329292,5.266702617284224,28.830950765268934,2,5,1,13.686167010443851,Medium
227.12110606461906,1310.8495582899936,14.469889325559723,52.10552623833487,4,1,0,8.6851182364254,Low
199.4944974650516,1668.2441156935586,5.905280566096941,39.3939101556007,4,3,0,8.415040375836027,Medium
438.16667853177074,803.0655860436681,14.507830482939687,56.051605548190736,1,4,0,31.17675972075456,Medium
487.9198446850578,43.837692021246944,1.5624079803130202,53.671984849505414,1,5,0,15.295589042151125,Medium
437.0651845932185,1317.5127876334284,0.7991513443906224,30.600584193594663,1,1,0,14.45261573336028,Low
100.18883612239085,2180.9132893452606,17.958158052656803,45.476502879479995,1,5,0,8.062460722872167,High
114.29497099842236,581.6059817879208,15.650228218224402,41.25096380580801,2,1,0,3.8400911056108944,Low
329.7565701520563,433.09098426813046,15.89125506239167,31.21029875573112,1,1,0,11.863970393722754,Medium
148.0963729109049,290.1584462026626,17.123039056919115,26.387859172202198,5,5,0,5.709336900621633,Medium
368.68893973638706,1230.4572513821224,7.889693569460781,90.25520651080922,5,4,0,14.868517329585744,Medium
